Data,Temperatura,Humidade,Temp_Change,Humidity_Change,Rolling_Var,Rolling_Mean,Inherent_Group,Cluster_Label,Anomaly
2023-01-06 19:00:00-03:00,27.2,82.6,0.0,0.0,0.0,0.0,1,Humid Region,0
2023-01-06 20:00:00-03:00,27.0,83.0,-0.1999999999999993,0.4000000000000057,0.0,0.0,1,Humid Region,0
2023-01-06 21:00:00-03:00,27.0,83.0,0.0,0.0,0.0,0.0,1,Humid Region,0
2023-01-06 22:00:00-03:00,26.7,83.9,-0.3000000000000007,0.9000000000000057,0.0,0.0,1,Humid Region,0
2023-01-06 23:00:00-03:00,26.5,85.4,-0.1999999999999993,1.5,0.0,0.0,1,Humid Region,0
2023-01-07 00:00:00-03:00,26.4,85.2,-0.10000000000000142,-0.20000000000000284,0.0,0.0,1,Humid Region,0
2023-01-07 01:00:00-03:00,26.1,86.0,-0.29999999999999716,0.7999999999999972,0.0,0.0,1,Humid Region,0
2023-01-07 02:00:00-03:00,26.0,86.2,-0.10000000000000142,0.20000000000000284,0.0,0.0,1,Humid Region,0
2023-01-07 03:00:00-03:00,25.9,85.5,-0.10000000000000142,-0.7000000000000028,0.0,0.0,1,Humid Region,0
2023-01-07 04:00:00-03:00,25.5,87.6,-0.3999999999999986,2.0999999999999943,0.3067777777777787,26.43,2,Rapid Change Zone,0
2023-01-07 05:00:00-03:00,25.2,89.7,-0.3000000000000007,2.1000000000000085,0.3645555555555569,26.23,1,Humid Region,0
2023-01-07 06:00:00-03:00,28.1,78.4,2.900000000000002,-11.299999999999997,0.6737777777777796,26.340000000000003,0,Stable Weather,0
2023-01-07 07:00:00-03:00,28.4,76.2,0.29999999999999716,-2.200000000000003,1.075111111111112,26.48,2,Rapid Change Zone,0
2023-01-07 08:00:00-03:00,29.4,70.7,1.0,-5.5,1.9361111111111111,26.75,0,Stable Weather,0
2023-01-07 09:00:00-03:00,30.2,68.2,0.8000000000000007,-2.5,3.099555555555554,27.119999999999997,0,Stable Weather,0
2023-01-07 10:00:00-03:00,30.5,67.4,0.3000000000000007,-0.7999999999999972,4.124555555555552,27.53,0,Stable Weather,0
2023-01-07 11:00:00-03:00,30.8,66.1,0.3000000000000007,-1.3000000000000114,4.839999999999997,28.0,0,Stable Weather,0
2023-01-07 12:00:00-03:00,30.7,67.8,-0.10000000000000142,1.7000000000000028,4.960111111111108,28.47,0,Stable Weather,0
2023-01-07 13:00:00-03:00,30.9,64.9,0.1999999999999993,-2.8999999999999915,4.604555555555553,28.97,0,Stable Weather,0
2023-01-07 14:00:00-03:00,30.4,67.7,-0.5,2.799999999999997,3.227111111111109,29.46,2,Rapid Change Zone,0
2023-01-07 15:00:00-03:00,29.8,71.0,-0.5999999999999979,3.299999999999997,0.9884444444444447,29.920000000000005,2,Rapid Change Zone,0
2023-01-07 16:00:00-03:00,28.4,75.8,-1.4000000000000021,4.799999999999997,0.8761111111111128,29.95,2,Rapid Change Zone,0
2023-01-07 17:00:00-03:00,27.7,78.8,-0.6999999999999993,3.0,1.1662222222222236,29.880000000000003,2,Rapid Change Zone,0
2023-01-07 18:00:00-03:00,27.3,80.6,-0.3999999999999986,1.7999999999999972,1.831222222222224,29.669999999999998,2,Rapid Change Zone,0
2023-01-07 19:00:00-03:00,27.1,80.2,-0.1999999999999993,-0.3999999999999915,2.427111111111114,29.360000000000003,2,Rapid Change Zone,0
2023-01-07 20:00:00-03:00,26.8,80.5,-0.3000000000000007,0.29999999999999716,2.858777777777784,28.99,2,Rapid Change Zone,0
2023-01-07 21:00:00-03:00,26.8,80.9,0.0,0.4000000000000057,2.8498888888889,28.589999999999996,2,Rapid Change Zone,0
2023-01-07 22:00:00-03:00,26.8,81.2,0.0,0.29999999999999716,2.542222222222241,28.2,2,Rapid Change Zone,0
2023-01-07 23:00:00-03:00,26.6,81.0,-0.1999999999999993,-0.20000000000000284,1.8112222222222516,27.77,2,Rapid Change Zone,0
2023-01-08 00:00:00-03:00,26.5,82.6,-0.10000000000000142,1.5999999999999943,1.0528888888889276,27.380000000000003,2,Rapid Change Zone,0
2023-01-08 01:00:00-03:00,25.7,86.7,-0.8000000000000007,4.1000000000000085,0.5290000000000472,26.97,2,Rapid Change Zone,0
2023-01-08 02:00:00-03:00,25.8,87.8,0.10000000000000142,1.0999999999999943,0.37877777777783034,26.71,2,Rapid Change Zone,0
2023-01-08 03:00:00-03:00,24.7,92.0,-1.1000000000000014,4.200000000000003,0.6187777777778359,26.410000000000004,1,Humid Region,0
2023-01-08 04:00:00-03:00,24.1,93.9,-0.5999999999999979,1.9000000000000057,1.0098888888889528,26.089999999999996,1,Humid Region,0
2023-01-08 05:00:00-03:00,24.3,93.5,0.1999999999999993,-0.4000000000000057,1.1654444444445136,25.810000000000002,1,Humid Region,0
2023-01-08 06:00:00-03:00,27.3,83.4,3.0,-10.099999999999994,1.3004444444445127,25.860000000000003,0,Stable Weather,0
2023-01-08 07:00:00-03:00,29.3,72.4,2.0,-11.0,2.4476666666667293,26.110000000000003,0,Stable Weather,0
2023-01-08 08:00:00-03:00,29.8,71.2,0.5,-1.2000000000000028,3.8076666666667225,26.410000000000004,0,Stable Weather,0
2023-01-08 09:00:00-03:00,29.4,74.5,-0.40000000000000213,3.299999999999997,4.709888888888938,26.690000000000005,2,Rapid Change Zone,0
2023-01-08 10:00:00-03:00,30.0,71.8,0.6000000000000014,-2.700000000000003,5.787111111111155,27.040000000000003,0,Stable Weather,0
2023-01-08 11:00:00-03:00,29.8,72.5,-0.1999999999999993,0.7000000000000028,6.247222222222259,27.45,0,Stable Weather,0
2023-01-08 12:00:00-03:00,30.2,70.7,0.3999999999999986,-1.7999999999999972,6.5698888888889195,27.890000000000004,0,Stable Weather,0
2023-01-08 13:00:00-03:00,30.0,71.6,-0.1999999999999993,0.8999999999999915,5.6217777777777975,28.419999999999998,0,Stable Weather,0
2023-01-08 14:00:00-03:00,29.9,69.7,-0.10000000000000142,-1.8999999999999915,3.417777777777788,29.0,0,Stable Weather,0
2023-01-08 15:00:00-03:00,29.0,71.8,-0.8999999999999986,2.0999999999999943,0.717888888888893,29.47,2,Rapid Change Zone,0
2023-01-08 16:00:00-03:00,28.6,74.1,-0.3999999999999986,2.299999999999997,0.26000000000000256,29.6,2,Rapid Change Zone,0
2023-01-08 17:00:00-03:00,27.7,78.7,-0.9000000000000021,4.6000000000000085,0.6226666666666727,29.439999999999998,2,Rapid Change Zone,0
2023-01-08 18:00:00-03:00,27.2,80.3,-0.5,1.5999999999999943,1.0906666666666773,29.179999999999996,2,Rapid Change Zone,0
2023-01-08 19:00:00-03:00,27.1,81.3,-0.09999999999999787,1.0,1.5072222222222353,28.95,2,Rapid Change Zone,0
2023-01-08 20:00:00-03:00,27.0,81.1,-0.10000000000000142,-0.20000000000000284,1.707222222222239,28.65,2,Rapid Change Zone,0
2023-01-08 21:00:00-03:00,26.8,83.1,-0.1999999999999993,2.0,1.840555555555576,28.35,2,Rapid Change Zone,0
2023-01-08 22:00:00-03:00,26.7,83.5,-0.10000000000000142,0.4000000000000057,1.626666666666691,28.0,2,Rapid Change Zone,0
2023-01-08 23:00:00-03:00,26.4,85.4,-0.3000000000000007,1.9000000000000057,1.3226666666666942,27.639999999999997,2,Rapid Change Zone,0
2023-01-09 00:00:00-03:00,25.8,88.0,-0.5999999999999979,2.5999999999999943,0.9445555555555872,27.23,2,Rapid Change Zone,0
2023-01-09 01:00:00-03:00,24.4,94.1,-1.4000000000000021,6.099999999999994,1.2512222222222589,26.77,1,Humid Region,0
2023-01-09 02:00:00-03:00,23.9,95.8,-0.5,1.7000000000000028,1.5488888888889294,26.3,1,Humid Region,0
2023-01-09 03:00:00-03:00,23.3,97.4,-0.5999999999999979,1.6000000000000085,2.116000000000044,25.860000000000003,1,Humid Region,0
2023-01-09 04:00:00-03:00,23.0,98.0,-0.3000000000000007,0.5999999999999943,2.629333333333381,25.44,1,Humid Region,0
2023-01-09 05:00:00-03:00,23.0,98.0,0.0,0.0,2.7978888888889397,25.03,1,Humid Region,0
2023-01-09 06:00:00-03:00,25.1,91.4,2.1000000000000014,-6.599999999999994,2.327111111111164,24.84,1,Humid Region,0
2023-01-09 07:00:00-03:00,28.8,78.6,3.6999999999999993,-12.800000000000011,3.598222222222273,25.04,0,Stable Weather,0
2023-01-09 08:00:00-03:00,30.1,72.9,1.3000000000000007,-5.699999999999989,6.008444444444493,25.380000000000003,0,Stable Weather,0
2023-01-09 09:00:00-03:00,30.0,73.4,-0.10000000000000142,0.5,8.12044444444449,25.74,0,Stable Weather,0
2023-01-09 10:00:00-03:00,30.5,71.4,0.5,-2.0,10.39211111111115,26.209999999999997,0,Stable Weather,0
2023-01-09 11:00:00-03:00,30.4,71.4,-0.10000000000000142,0.0,11.578777777777809,26.810000000000002,0,Stable Weather,0
2023-01-09 12:00:00-03:00,30.2,72.6,-0.1999999999999993,1.1999999999999886,11.473777777777805,27.439999999999998,0,Stable Weather,0
2023-01-09 13:00:00-03:00,30.7,68.4,0.5,-4.199999999999989,10.141777777777802,28.18,0,Stable Weather,0
2023-01-09 14:00:00-03:00,30.3,69.6,-0.3999999999999986,1.1999999999999886,7.067666666666686,28.909999999999997,0,Stable Weather,0
2023-01-09 15:00:00-03:00,29.9,71.8,-0.40000000000000213,2.200000000000003,2.7666666666666813,29.6,2,Rapid Change Zone,0
2023-01-09 16:00:00-03:00,29.3,73.9,-0.5999999999999979,2.1000000000000085,0.3306666666666814,30.020000000000003,2,Rapid Change Zone,0
2023-01-09 17:00:00-03:00,27.8,78.0,-1.5,4.099999999999994,0.7017777777777927,29.919999999999998,2,Rapid Change Zone,0
2023-01-09 18:00:00-03:00,27.4,80.2,-0.40000000000000213,2.200000000000003,1.3227777777777945,29.65,2,Rapid Change Zone,0
2023-01-09 19:00:00-03:00,27.3,81.3,-0.09999999999999787,1.0999999999999943,1.8417777777777955,29.380000000000003,2,Rapid Change Zone,0
2023-01-09 20:00:00-03:00,27.1,81.6,-0.1999999999999993,0.29999999999999716,2.1515555555555754,29.04,2,Rapid Change Zone,0
2023-01-09 21:00:00-03:00,26.9,82.0,-0.20000000000000284,0.4000000000000057,2.3187777777778016,28.690000000000005,2,Rapid Change Zone,0
2023-01-09 22:00:00-03:00,26.8,82.8,-0.09999999999999787,0.7999999999999972,2.3338888888889167,28.35,2,Rapid Change Zone,0
2023-01-09 23:00:00-03:00,26.5,85.2,-0.3000000000000007,2.4000000000000057,1.9045555555555893,27.93,2,Rapid Change Zone,0
2023-01-10 00:00:00-03:00,25.8,88.2,-0.6999999999999993,3.0,1.559555555555596,27.48,2,Rapid Change Zone,0
2023-01-10 01:00:00-03:00,25.2,89.6,-0.6000000000000014,1.3999999999999915,1.2410000000000496,27.009999999999998,1,Humid Region,0
2023-01-10 02:00:00-03:00,24.0,95.2,-1.1999999999999993,5.6000000000000085,1.3528888888889472,26.48,1,Humid Region,0
2023-01-10 03:00:00-03:00,23.4,96.9,-0.6000000000000014,1.7000000000000028,1.9982222222222896,26.04,1,Humid Region,0
2023-01-10 04:00:00-03:00,23.1,97.8,-0.29999999999999716,0.8999999999999915,2.547666666666743,25.609999999999996,1,Humid Region,0
2023-01-10 05:00:00-03:00,23.3,97.4,0.1999999999999993,-0.3999999999999915,2.6454444444445304,25.21,1,Humid Region,0
2023-01-10 06:00:00-03:00,26.3,86.6,3.0,-10.800000000000011,2.373444444444532,25.13,0,Stable Weather,0
2023-01-10 07:00:00-03:00,28.9,74.9,2.599999999999998,-11.699999999999989,3.5601111111111923,25.330000000000002,0,Stable Weather,0
2023-01-10 08:00:00-03:00,30.2,69.0,1.3000000000000007,-5.900000000000006,5.826777777777847,25.669999999999998,0,Stable Weather,0
2023-01-10 09:00:00-03:00,30.6,67.6,0.40000000000000213,-1.4000000000000057,8.26400000000006,26.080000000000002,0,Stable Weather,0
2023-01-10 10:00:00-03:00,30.9,66.5,0.29999999999999716,-1.0999999999999943,10.547666666666714,26.589999999999996,0,Stable Weather,0
2023-01-10 11:00:00-03:00,30.8,66.5,-0.09999999999999787,0.0,11.95388888888892,27.15,0,Stable Weather,0
2023-01-10 12:00:00-03:00,31.1,66.9,0.3000000000000007,0.4000000000000057,12.024888888888903,27.860000000000003,0,Stable Weather,0
2023-01-10 13:00:00-03:00,30.8,68.8,-0.3000000000000007,1.8999999999999915,10.166666666666654,28.6,0,Stable Weather,0
2023-01-10 14:00:00-03:00,30.7,69.1,-0.10000000000000142,0.29999999999999716,6.653777777777739,29.360000000000003,0,Stable Weather,0
2023-01-10 15:00:00-03:00,30.0,71.1,-0.6999999999999993,2.0,2.120111111111048,30.03,2,Rapid Change Zone,0
2023-01-10 16:00:00-03:00,28.8,76.5,-1.1999999999999993,5.400000000000006,0.6728888888888159,30.28,2,Rapid Change Zone,0
2023-01-10 17:00:00-03:00,27.8,80.6,-1.0,4.099999999999994,1.1312222222221533,30.170000000000005,2,Rapid Change Zone,0
2023-01-10 18:00:00-03:00,27.4,82.5,-0.40000000000000213,1.9000000000000057,1.8965555555555005,29.889999999999997,2,Rapid Change Zone,0
2023-01-10 19:00:00-03:00,27.3,81.4,-0.09999999999999787,-1.0999999999999943,2.4648888888888485,29.560000000000002,2,Rapid Change Zone,0
2023-01-10 20:00:00-03:00,27.1,82.4,-0.1999999999999993,1.0,2.7773333333333095,29.179999999999996,2,Rapid Change Zone,0
2023-01-10 21:00:00-03:00,26.8,84.7,-0.3000000000000007,2.299999999999997,2.9373333333333287,28.78,2,Rapid Change Zone,0
2023-01-10 22:00:00-03:00,26.4,86.6,-0.40000000000000213,1.8999999999999915,2.723222222222241,28.310000000000002,2,Rapid Change Zone,0
2023-01-10 23:00:00-03:00,26.0,88.0,-0.3999999999999986,1.4000000000000057,2.371222222222266,27.830000000000002,2,Rapid Change Zone,0
2023-01-11 00:00:00-03:00,26.2,86.3,0.1999999999999993,-1.7000000000000028,1.52622222222229,27.380000000000003,2,Rapid Change Zone,0
2023-01-11 01:00:00-03:00,26.4,85.6,0.1999999999999993,-0.7000000000000028,0.7262222222223101,27.02,2,Rapid Change Zone,0
2023-01-11 02:00:00-03:00,26.4,85.7,0.0,0.10000000000000853,0.35288888888898917,26.78,2,Rapid Change Zone,0
2023-01-11 03:00:00-03:00,25.7,87.8,-0.6999999999999993,2.0999999999999943,0.3178888888889998,26.57,2,Rapid Change Zone,0
2023-01-11 04:00:00-03:00,24.3,95.6,-1.3999999999999986,7.799999999999997,0.7071111111112375,26.26,1,Humid Region,0
2023-01-11 05:00:00-03:00,23.9,97.3,-0.40000000000000213,1.7000000000000028,1.0773333333334778,25.919999999999998,1,Humid Region,0
2023-01-11 06:00:00-03:00,24.1,97.8,0.20000000000000284,0.5,1.190666666666825,25.619999999999997,1,Humid Region,0
2023-01-11 07:00:00-03:00,25.0,94.1,0.8999999999999986,-3.700000000000003,1.0426666666668334,25.439999999999998,1,Humid Region,0
2023-01-11 08:00:00-03:00,27.4,85.0,2.3999999999999986,-9.099999999999994,1.356000000000163,25.54,0,Stable Weather,0
2023-01-11 09:00:00-03:00,29.0,77.0,1.6000000000000014,-8.0,2.5626666666668183,25.839999999999996,0,Stable Weather,0
2023-01-11 10:00:00-03:00,29.0,74.8,0.0,-2.200000000000003,3.570666666666808,26.119999999999997,0,Stable Weather,0
2023-01-11 11:00:00-03:00,28.8,74.7,-0.1999999999999993,-0.09999999999999432,4.2960000000001335,26.360000000000003,0,Stable Weather,0
2023-01-11 12:00:00-03:00,29.0,73.2,0.1999999999999993,-1.5,4.9951111111112345,26.619999999999997,0,Stable Weather,0
2023-01-11 13:00:00-03:00,29.9,70.1,0.8999999999999986,-3.1000000000000085,5.90044444444455,27.04,0,Stable Weather,0
2023-01-11 14:00:00-03:00,29.7,71.0,-0.1999999999999993,0.9000000000000057,5.5284444444445295,27.580000000000002,0,Stable Weather,0
2023-01-11 15:00:00-03:00,29.7,71.5,0.0,0.5,4.149333333333395,28.160000000000004,0,Stable Weather,0
2023-01-11 16:00:00-03:00,28.9,75.3,-0.8000000000000007,3.799999999999997,2.12266666666671,28.639999999999997,2,Rapid Change Zone,0
2023-01-11 17:00:00-03:00,27.6,78.9,-1.2999999999999972,3.6000000000000085,0.6955555555555879,28.9,2,Rapid Change Zone,0
2023-01-11 18:00:00-03:00,27.2,79.6,-0.40000000000000213,0.6999999999999886,0.7662222222222552,28.880000000000003,2,Rapid Change Zone,0
2023-01-11 19:00:00-03:00,27.0,80.7,-0.1999999999999993,1.1000000000000085,1.112888888888931,28.68,2,Rapid Change Zone,0
2023-01-11 20:00:00-03:00,27.1,82.0,0.10000000000000142,1.2999999999999972,1.3387777777778278,28.49,2,Rapid Change Zone,0
2023-01-11 21:00:00-03:00,27.1,80.5,0.0,-1.5,1.5106666666667232,28.32,2,Rapid Change Zone,0
2023-01-11 22:00:00-03:00,27.0,81.5,-0.10000000000000142,1.0,1.6084444444445092,28.119999999999997,2,Rapid Change Zone,0
2023-01-11 23:00:00-03:00,25.8,91.6,-1.1999999999999993,10.099999999999994,1.6676666666667483,27.71,2,Rapid Change Zone,0
2023-01-12 00:00:00-03:00,26.1,89.7,0.3000000000000007,-1.8999999999999915,1.371666666666763,27.35,1,Humid Region,0
2023-01-12 01:00:00-03:00,26.2,87.4,0.09999999999999787,-2.299999999999997,0.7688888888890005,27.0,2,Rapid Change Zone,0
2023-01-12 02:00:00-03:00,26.1,87.2,-0.09999999999999787,-0.20000000000000284,0.3706666666667901,26.72,2,Rapid Change Zone,0
2023-01-12 03:00:00-03:00,26.4,84.3,0.29999999999999716,-2.9000000000000057,0.28000000000012865,26.6,2,Rapid Change Zone,0
2023-01-12 04:00:00-03:00,26.4,83.8,0.0,-0.5,0.23733333333346568,26.520000000000003,2,Rapid Change Zone,0
2023-01-12 05:00:00-03:00,26.4,84.0,0.0,0.20000000000000284,0.2093333333334685,26.46,2,Rapid Change Zone,0
2023-01-12 06:00:00-03:00,28.1,78.1,1.7000000000000028,-5.900000000000006,0.45155555555568583,26.560000000000002,0,Stable Weather,0
2023-01-12 07:00:00-03:00,28.8,75.1,0.6999999999999993,-3.0,0.9445555555556777,26.73,0,Stable Weather,0
2023-01-12 08:00:00-03:00,28.1,76.9,-0.6999999999999993,1.8000000000000114,1.1315555555556729,26.839999999999996,2,Rapid Change Zone,0
2023-01-12 09:00:00-03:00,29.5,73.0,1.3999999999999986,-3.9000000000000057,1.6454444444445437,27.209999999999997,0,Stable Weather,0
2023-01-12 10:00:00-03:00,29.6,72.2,0.10000000000000142,-0.7999999999999972,2.007111111111195,27.560000000000002,2,Rapid Change Zone,0
2023-01-12 11:00:00-03:00,30.2,69.6,0.5999999999999979,-2.6000000000000085,2.398222222222288,27.96,0,Stable Weather,0
2023-01-12 12:00:00-03:00,30.8,68.0,0.6000000000000014,-1.5999999999999943,2.6645555555556037,28.43,0,Stable Weather,0
2023-01-12 13:00:00-03:00,30.2,68.7,-0.6000000000000014,0.7000000000000028,2.394333333333365,28.810000000000002,2,Rapid Change Zone,0
2023-01-12 14:00:00-03:00,30.8,67.5,0.6000000000000014,-1.2000000000000028,1.9738888888888997,29.250000000000007,0,Stable Weather,0
2023-01-12 15:00:00-03:00,30.1,70.2,-0.6999999999999993,2.700000000000003,0.9995555555555475,29.619999999999997,2,Rapid Change Zone,0
2023-01-12 16:00:00-03:00,29.2,74.1,-0.9000000000000021,3.8999999999999915,0.7489999999999871,29.73,2,Rapid Change Zone,0
2023-01-12 17:00:00-03:00,27.8,78.7,-1.3999999999999986,4.6000000000000085,1.055666666666658,29.630000000000003,2,Rapid Change Zone,0
2023-01-12 18:00:00-03:00,27.2,82.1,-0.6000000000000014,3.3999999999999915,1.4426666666666632,29.54,2,Rapid Change Zone,0
2023-01-12 19:00:00-03:00,27.1,83.0,-0.09999999999999787,0.9000000000000057,2.040000000000006,29.3,2,Rapid Change Zone,0
2023-01-12 20:00:00-03:00,27.1,83.9,0.0,0.9000000000000057,2.498333333333349,29.05,2,Rapid Change Zone,0
2023-01-12 21:00:00-03:00,27.1,84.5,0.0,0.5999999999999943,2.6671111111111383,28.74,2,Rapid Change Zone,0
2023-01-12 22:00:00-03:00,27.2,84.6,0.09999999999999787,0.09999999999999432,2.315111111111152,28.379999999999995,2,Rapid Change Zone,0
2023-01-12 23:00:00-03:00,27.2,85.9,0.0,1.3000000000000114,2.00177777777783,28.080000000000002,2,Rapid Change Zone,0
2023-01-13 00:00:00-03:00,26.9,86.2,-0.3000000000000007,0.29999999999999716,1.1654444444445102,27.689999999999998,2,Rapid Change Zone,0
2023-01-13 01:00:00-03:00,26.7,86.9,-0.1999999999999993,0.7000000000000028,0.500555555555632,27.35,2,Rapid Change Zone,0
2023-01-13 02:00:00-03:00,26.5,86.6,-0.1999999999999993,-0.30000000000001137,0.11955555555564217,27.080000000000002,2,Rapid Change Zone,0
2023-01-13 03:00:00-03:00,25.8,90.0,-0.6999999999999993,3.4000000000000057,0.19955555555564908,26.880000000000003,2,Rapid Change Zone,0
2023-01-13 04:00:00-03:00,24.2,96.5,-1.6000000000000014,6.5,0.8862222222223272,26.580000000000002,1,Humid Region,0
2023-01-13 05:00:00-03:00,24.0,98.1,-0.1999999999999993,1.5999999999999943,1.489000000000116,26.27,1,Humid Region,0
2023-01-13 06:00:00-03:00,26.0,90.9,2.0,-7.199999999999989,1.4071111111112313,26.160000000000004,1,Humid Region,0
2023-01-13 07:00:00-03:00,28.8,80.6,2.8000000000000007,-10.300000000000011,2.0512222222223366,26.329999999999995,0,Stable Weather,0
2023-01-13 08:00:00-03:00,29.6,75.6,0.8000000000000007,-5.0,3.0912222222223287,26.57,0,Stable Weather,0
2023-01-13 09:00:00-03:00,30.8,71.3,1.1999999999999993,-4.299999999999997,4.8912222222223125,26.93,0,Stable Weather,0
2023-01-13 10:00:00-03:00,30.6,71.9,-0.1999999999999993,0.6000000000000085,6.235555555555628,27.3,0,Stable Weather,0
2023-01-13 11:00:00-03:00,30.6,72.5,0.0,0.5999999999999943,7.236555555555608,27.690000000000005,0,Stable Weather,0
2023-01-13 12:00:00-03:00,30.8,71.1,0.1999999999999993,-1.4000000000000057,7.948444444444476,28.120000000000005,0,Stable Weather,0
2023-01-13 13:00:00-03:00,30.8,71.6,0.0,0.5,7.870666666666675,28.619999999999997,0,Stable Weather,0
2023-01-13 14:00:00-03:00,30.3,73.2,-0.5,1.6000000000000085,5.600111111111088,29.23,2,Rapid Change Zone,0
2023-01-13 15:00:00-03:00,29.9,75.0,-0.40000000000000213,1.7999999999999972,2.223999999999949,29.820000000000004,2,Rapid Change Zone,0
2023-01-13 16:00:00-03:00,28.4,79.7,-1.5,4.700000000000003,0.7626666666666048,30.060000000000002,2,Rapid Change Zone,0
2023-01-13 17:00:00-03:00,27.8,82.1,-0.5999999999999979,2.3999999999999915,1.1426666666666085,29.96,2,Rapid Change Zone,0
2023-01-13 18:00:00-03:00,27.6,83.6,-0.1999999999999993,1.5,1.7026666666666166,29.759999999999998,2,Rapid Change Zone,0
2023-01-13 19:00:00-03:00,27.3,84.2,-0.3000000000000007,0.6000000000000085,2.118777777777743,29.410000000000004,2,Rapid Change Zone,0
2023-01-13 20:00:00-03:00,27.3,83.4,0.0,-0.7999999999999972,2.3351111111110905,29.080000000000002,2,Rapid Change Zone,0
2023-01-13 21:00:00-03:00,27.0,84.3,-0.3000000000000007,0.8999999999999915,2.4151111111111057,28.72,2,Rapid Change Zone,0
2023-01-13 22:00:00-03:00,27.0,84.2,0.0,-0.09999999999999432,2.1026666666666785,28.339999999999996,2,Rapid Change Zone,0
2023-01-13 23:00:00-03:00,27.0,84.9,0.0,0.7000000000000028,1.469333333333363,27.959999999999997,2,Rapid Change Zone,0
2023-01-14 00:00:00-03:00,26.9,84.6,-0.10000000000000142,-0.30000000000001137,0.8573333333333795,27.619999999999997,2,Rapid Change Zone,0
2023-01-14 01:00:00-03:00,26.9,84.6,0.0,0.0,0.23733333333339532,27.32,2,Rapid Change Zone,0
2023-01-14 02:00:00-03:00,26.7,84.3,-0.1999999999999993,-0.29999999999999716,0.11833333333340385,27.15,2,Rapid Change Zone,0
2023-01-14 03:00:00-03:00,25.2,94.0,-1.5,9.700000000000003,0.4187777777778605,26.890000000000004,2,Rapid Change Zone,0
2023-01-14 04:00:00-03:00,24.4,98.5,-0.8000000000000007,4.5,0.9378888888889875,26.57,1,Humid Region,0
2023-01-14 05:00:00-03:00,24.8,97.6,0.40000000000000213,-0.9000000000000057,1.1573333333334432,26.32,1,Humid Region,0
2023-01-14 06:00:00-03:00,27.5,84.1,2.6999999999999993,-13.5,1.2048888888889977,26.339999999999996,0,Stable Weather,0
2023-01-14 07:00:00-03:00,27.0,88.7,-0.5,4.6000000000000085,1.2048888888889977,26.339999999999996,2,Rapid Change Zone,0
2023-01-14 08:00:00-03:00,29.3,79.2,2.3000000000000007,-9.5,2.0712222222223207,26.57,0,Stable Weather,0
2023-01-14 09:00:00-03:00,29.2,77.1,-0.10000000000000142,-2.1000000000000085,2.765444444444532,26.79,0,Stable Weather,0
2023-01-14 10:00:00-03:00,30.0,73.2,0.8000000000000007,-3.8999999999999915,3.802222222222296,27.1,0,Stable Weather,0
2023-01-14 11:00:00-03:00,30.4,70.9,0.3999999999999986,-2.299999999999997,4.871666666666724,27.45,0,Stable Weather,0
2023-01-14 12:00:00-03:00,30.4,70.5,0.0,-0.4000000000000057,5.62400000000004,27.82,0,Stable Weather,0
2023-01-14 13:00:00-03:00,30.5,70.3,0.10000000000000142,-0.20000000000000284,5.347222222222236,28.35,0,Stable Weather,0
2023-01-14 14:00:00-03:00,30.2,71.0,-0.3000000000000007,0.7000000000000028,3.620111111111095,28.93,2,Rapid Change Zone,0
2023-01-14 15:00:00-03:00,29.1,74.9,-1.0999999999999979,3.9000000000000057,1.5226666666666318,29.360000000000003,2,Rapid Change Zone,0
2023-01-14 16:00:00-03:00,28.4,77.1,-0.7000000000000028,2.1999999999999886,1.2316666666666278,29.45,2,Rapid Change Zone,0
2023-01-14 17:00:00-03:00,27.8,80.2,-0.5999999999999979,3.1000000000000085,0.8601111111110686,29.53,2,Rapid Change Zone,0
2023-01-14 18:00:00-03:00,27.4,81.6,-0.40000000000000213,1.3999999999999915,1.3182222222221907,29.339999999999996,2,Rapid Change Zone,0
2023-01-14 19:00:00-03:00,27.1,83.0,-0.29999999999999716,1.4000000000000057,1.8245555555555346,29.130000000000003,2,Rapid Change Zone,0
2023-01-14 20:00:00-03:00,27.1,83.7,0.0,0.7000000000000028,2.104888888888883,28.840000000000003,2,Rapid Change Zone,0
2023-01-14 21:00:00-03:00,27.1,81.3,0.0,-2.4000000000000057,2.0498888888889,28.509999999999998,2,Rapid Change Zone,0
2023-01-14 22:00:00-03:00,27.2,81.8,0.09999999999999787,0.5,1.7298888888889172,28.189999999999998,2,Rapid Change Zone,0
2023-01-14 23:00:00-03:00,26.9,84.3,-0.3000000000000007,2.5,1.1778888888889356,27.830000000000002,2,Rapid Change Zone,0
2023-01-15 00:00:00-03:00,24.4,94.7,-2.5,10.400000000000006,1.4872222222222988,27.25,2,Rapid Change Zone,0
2023-01-15 01:00:00-03:00,23.5,98.0,-0.8999999999999986,3.299999999999997,2.3210000000001036,26.689999999999998,1,Humid Region,0
2023-01-15 02:00:00-03:00,23.4,98.9,-0.10000000000000142,0.9000000000000057,2.9210000000001304,26.190000000000005,1,Humid Region,0
2023-01-15 03:00:00-03:00,23.1,99.0,-0.29999999999999716,0.09999999999999432,3.4484444444445987,25.72,1,Humid Region,0
2023-01-15 04:00:00-03:00,23.1,99.0,0.0,0.0,3.692111111111288,25.29,1,Humid Region,0
2023-01-15 05:00:00-03:00,23.2,99.0,0.09999999999999787,0.0,3.644444444444643,24.9,1,Humid Region,0
2023-01-15 06:00:00-03:00,23.3,99.0,0.10000000000000142,0.0,3.2306666666668877,24.520000000000003,1,Humid Region,0
2023-01-15 07:00:00-03:00,25.4,91.9,2.099999999999998,-7.099999999999994,2.5450000000002304,24.35,1,Humid Region,0
2023-01-15 08:00:00-03:00,28.6,80.3,3.200000000000003,-11.600000000000009,3.62766666666689,24.490000000000002,0,Stable Weather,0
2023-01-15 09:00:00-03:00,29.9,71.5,1.2999999999999972,-8.799999999999997,6.1343333333335375,24.79,0,Stable Weather,0
2023-01-15 10:00:00-03:00,30.5,67.4,0.6000000000000014,-4.099999999999994,9.326666666666833,25.4,0,Stable Weather,0
2023-01-15 11:00:00-03:00,30.9,65.7,0.3999999999999986,-1.7000000000000028,11.67822222222234,26.140000000000004,0,Stable Weather,0
2023-01-15 14:00:00-03:00,29.1,71.7,-1.7999999999999972,6.0,11.456555555555637,26.71,2,Rapid Change Zone,0
2023-01-15 15:00:00-03:00,29.0,70.8,-0.10000000000000142,-0.9000000000000057,10.20444444444449,27.3,0,Stable Weather,0
2023-01-15 16:00:00-03:00,29.1,71.4,0.10000000000000142,0.6000000000000085,8.204444444444455,27.9,0,Stable Weather,0
2023-01-15 17:00:00-03:00,27.0,80.1,-2.1000000000000014,8.699999999999989,5.679555555555542,28.28,2,Rapid Change Zone,0
2023-01-15 18:00:00-03:00,26.3,84.6,-0.6999999999999993,4.5,3.259555555555524,28.580000000000002,2,Rapid Change Zone,0
2023-01-15 19:00:00-03:00,26.2,87.1,-0.10000000000000142,2.5,2.7582222222221855,28.660000000000004,2,Rapid Change Zone,0
2023-01-15 20:00:00-03:00,26.1,90.1,-0.09999999999999787,3.0,3.41655555555553,28.409999999999997,2,Rapid Change Zone,0
2023-01-15 21:00:00-03:00,25.3,93.6,-0.8000000000000007,3.5,4.009444444444441,27.95,1,Humid Region,0
2023-01-15 22:00:00-03:00,24.4,96.9,-0.9000000000000021,3.3000000000000114,4.273777777777803,27.340000000000003,1,Humid Region,0
2023-01-15 23:00:00-03:00,24.0,98.6,-0.3999999999999986,1.6999999999999886,3.576111111111169,26.65,1,Humid Region,0
2023-01-16 00:00:00-03:00,23.3,99.0,-0.6999999999999993,0.4000000000000057,3.782333333333417,26.07,1,Humid Region,0
2023-01-16 01:00:00-03:00,22.9,99.0,-0.40000000000000213,0.0,3.531555555555669,25.46,1,Humid Region,0
2023-01-16 02:00:00-03:00,22.6,99.0,-0.29999999999999716,0.0,2.4987777777779194,24.81,1,Humid Region,0
2023-01-16 03:00:00-03:00,22.4,99.0,-0.20000000000000284,0.0,2.3761111111112734,24.35,1,Humid Region,0
2023-01-16 04:00:00-03:00,22.4,99.0,0.0,0.0,2.20711111111129,23.96,1,Humid Region,0
2023-01-16 05:00:00-03:00,23.1,99.0,0.7000000000000028,0.0,1.6250000000001925,23.65,1,Humid Region,0
2023-01-16 06:00:00-03:00,23.7,99.0,0.5999999999999979,0.0,0.8943333333335358,23.41,1,Humid Region,0
2023-01-16 07:00:00-03:00,25.7,93.2,2.0,-5.799999999999997,1.0783333333335332,23.45,1,Humid Region,0
2023-01-16 08:00:00-03:00,28.5,80.7,2.8000000000000007,-12.5,3.6248888888890707,23.86,0,Stable Weather,0
2023-01-16 09:00:00-03:00,28.7,78.0,0.1999999999999993,-2.700000000000003,5.980111111111272,24.330000000000002,0,Stable Weather,0
2023-01-16 10:00:00-03:00,28.2,78.7,-0.5,0.7000000000000028,7.259555555555693,24.82,0,Stable Weather,0
2023-01-16 11:00:00-03:00,29.5,73.4,1.3000000000000007,-5.299999999999997,8.799555555555662,25.479999999999997,0,Stable Weather,0
2023-01-16 12:00:00-03:00,29.6,72.7,0.10000000000000142,-0.7000000000000028,9.219555555555626,26.18,0,Stable Weather,0
2023-01-16 13:00:00-03:00,30.0,70.6,0.3999999999999986,-2.1000000000000085,8.611555555555585,26.939999999999998,0,Stable Weather,0
2023-01-16 14:00:00-03:00,29.7,71.0,-0.3000000000000007,0.4000000000000057,6.575666666666656,27.669999999999998,0,Stable Weather,0
2023-01-16 15:00:00-03:00,28.9,73.4,-0.8000000000000007,2.4000000000000057,4.049444444444407,28.25,2,Rapid Change Zone,0
2023-01-16 16:00:00-03:00,28.1,76.2,-0.7999999999999972,2.799999999999997,1.5365555555554964,28.689999999999998,2,Rapid Change Zone,0
2023-01-16 17:00:00-03:00,27.4,80.2,-0.7000000000000028,4.0,0.695999999999934,28.860000000000003,2,Rapid Change Zone,0
2023-01-16 18:00:00-03:00,27.0,81.9,-0.3999999999999986,1.7000000000000028,1.040999999999941,28.71,2,Rapid Change Zone,0
2023-01-16 19:00:00-03:00,26.8,82.4,-0.1999999999999993,0.5,1.4062222222221732,28.520000000000003,2,Rapid Change Zone,0
2023-01-16 20:00:00-03:00,26.3,85.9,-0.5,3.5,1.9023333333332937,28.329999999999995,2,Rapid Change Zone,0
2023-01-16 21:00:00-03:00,25.0,93.3,-1.3000000000000007,7.3999999999999915,2.757333333333315,27.880000000000003,2,Rapid Change Zone,0
2023-01-16 22:00:00-03:00,25.1,92.4,0.10000000000000142,-0.8999999999999915,3.062333333333334,27.43,1,Humid Region,0
2023-01-16 23:00:00-03:00,25.2,93.0,0.09999999999999787,0.5999999999999943,2.625000000000023,26.95,1,Humid Region,0
2023-01-17 00:00:00-03:00,24.3,95.9,-0.8999999999999986,2.9000000000000057,2.241000000000048,26.410000000000004,1,Humid Region,0
2023-01-17 01:00:00-03:00,23.8,97.2,-0.5,1.2999999999999972,2.0200000000000737,25.9,1,Humid Region,0
2023-01-17 02:00:00-03:00,23.5,98.3,-0.3000000000000007,1.0999999999999943,1.8871111111112073,25.44,1,Humid Region,0
2023-01-17 03:00:00-03:00,23.0,99.0,-0.5,0.7000000000000028,1.9066666666667846,25.0,1,Humid Region,0
2023-01-17 04:00:00-03:00,22.8,99.0,-0.1999999999999993,0.0,1.8040000000001362,24.58,1,Humid Region,0
2023-01-17 05:00:00-03:00,23.2,99.0,0.3999999999999986,0.0,1.3240000000001508,24.220000000000002,1,Humid Region,0
2023-01-17 06:00:00-03:00,25.9,91.9,2.6999999999999993,-7.099999999999994,1.1551111111112624,24.18,1,Humid Region,0
2023-01-17 07:00:00-03:00,28.0,84.6,2.1000000000000014,-7.300000000000011,2.6017777777779165,24.479999999999997,0,Stable Weather,0
2023-01-17 08:00:00-03:00,28.7,78.9,0.6999999999999993,-5.699999999999989,4.393777777777901,24.84,0,Stable Weather,0
2023-01-17 09:00:00-03:00,29.7,75.9,1.0,-3.0,6.778777777777884,25.29,0,Stable Weather,0
2023-01-17 10:00:00-03:00,30.0,75.4,0.3000000000000007,-0.5,8.77377777777786,25.860000000000003,0,Stable Weather,0
2023-01-17 12:00:00-03:00,28.6,78.2,-1.3999999999999986,2.799999999999997,8.880444444444512,26.339999999999996,2,Rapid Change Zone,0
2023-01-17 13:00:00-03:00,29.2,75.1,0.5999999999999979,-3.1000000000000085,8.532111111111155,26.909999999999997,0,Stable Weather,0
2023-01-17 14:00:00-03:00,28.7,75.7,-0.5,0.6000000000000085,6.8284444444444645,27.48,0,Stable Weather,0
2023-01-17 15:00:00-03:00,29.0,76.6,0.3000000000000007,0.8999999999999915,4.22444444444444,28.1,2,Rapid Change Zone,0
2023-01-17 16:00:00-03:00,28.3,78.8,-0.6999999999999993,2.200000000000003,1.2721111111110828,28.610000000000003,2,Rapid Change Zone,0
2023-01-17 17:00:00-03:00,25.8,91.8,-2.5,13.0,1.3333333333333035,28.6,2,Rapid Change Zone,0
2023-01-17 18:00:00-03:00,25.6,91.4,-0.1999999999999993,-0.3999999999999915,2.2293333333333134,28.359999999999996,1,Humid Region,0
2023-01-17 19:00:00-03:00,24.9,97.1,-0.7000000000000028,5.699999999999989,3.38622222222222,27.98,1,Humid Region,0
2023-01-17 20:00:00-03:00,24.6,98.6,-0.29999999999999716,1.5,4.037888888888907,27.47,1,Humid Region,0
2023-01-17 21:00:00-03:00,24.5,97.9,-0.10000000000000142,-0.6999999999999886,3.97066666666671,26.919999999999998,1,Humid Region,0
2023-01-17 22:00:00-03:00,24.2,99.0,-0.3000000000000007,1.0999999999999943,4.264000000000062,26.48,1,Humid Region,0
2023-01-17 23:00:00-03:00,23.8,99.0,-0.3999999999999986,0.0,3.9160000000000843,25.939999999999998,1,Humid Region,0
2023-01-18 00:00:00-03:00,23.9,99.0,0.09999999999999787,0.0,3.2760000000001055,25.46,1,Humid Region,0
2023-01-18 01:00:00-03:00,24.0,99.0,0.10000000000000142,0.0,1.8426666666667932,24.96,1,Humid Region,0
2023-01-18 02:00:00-03:00,23.9,99.0,-0.10000000000000142,0.0,0.5128888888890335,24.52,1,Humid Region,0
2023-01-18 03:00:00-03:00,23.8,99.0,-0.09999999999999787,0.0,0.34400000000015224,24.32,1,Humid Region,0
2023-01-18 04:00:00-03:00,23.6,99.0,-0.1999999999999993,0.0,0.17511111111127095,24.119999999999997,1,Humid Region,0
2023-01-18 05:00:00-03:00,23.8,99.0,0.1999999999999993,0.0,0.10544444444460893,24.01,1,Humid Region,0
2023-01-18 06:00:00-03:00,25.7,93.9,1.8999999999999986,-5.099999999999994,0.3706666666668263,24.119999999999997,1,Humid Region,0
2023-01-18 07:00:00-03:00,28.9,79.6,3.1999999999999993,-14.300000000000011,2.678222222222364,24.56,0,Stable Weather,0
2023-01-18 08:00:00-03:00,29.1,78.7,0.20000000000000284,-0.8999999999999915,4.687222222222346,25.05,0,Stable Weather,0
2023-01-18 09:00:00-03:00,27.8,87.1,-1.3000000000000007,8.399999999999991,5.17611111111122,25.45,2,Rapid Change Zone,0
2023-01-18 10:00:00-03:00,28.1,83.9,0.3000000000000007,-3.1999999999999886,5.493444444444537,25.869999999999997,0,Stable Weather,0
2023-01-18 11:00:00-03:00,26.8,90.5,-1.3000000000000007,6.599999999999994,5.113888888888971,26.15,2,Rapid Change Zone,0
2023-01-18 12:00:00-03:00,27.2,87.4,0.3999999999999986,-3.0999999999999943,4.552888888888957,26.48,0,Stable Weather,0
2023-01-18 13:00:00-03:00,27.2,88.8,0.0,1.3999999999999915,3.684000000000056,26.82,2,Rapid Change Zone,0
2023-01-18 14:00:00-03:00,25.2,94.5,-2.0,5.700000000000003,2.7951111111111624,26.98,1,Humid Region,0
2023-01-18 15:00:00-03:00,23.7,98.4,-1.5,3.9000000000000057,2.86677777777783,26.97,1,Humid Region,0
2023-01-19 11:00:00-03:00,28.9,80.9,5.199999999999999,-17.5,2.9876666666667067,27.29,0,Stable Weather,0
2023-01-19 12:00:00-03:00,28.9,79.8,0.0,-1.1000000000000085,2.9876666666667067,27.29,2,Rapid Change Zone,0
2023-01-19 13:00:00-03:00,29.2,80.2,0.3000000000000007,0.4000000000000057,3.028888888888928,27.3,2,Rapid Change Zone,0
2023-01-19 14:00:00-03:00,29.6,77.7,0.40000000000000213,-2.5,3.5528888888889227,27.48,0,Stable Weather,0
2023-01-19 15:00:00-03:00,29.1,78.5,-0.5,0.7999999999999972,3.790666666666698,27.580000000000002,2,Rapid Change Zone,0
2023-01-19 16:00:00-03:00,28.6,79.7,-0.5,1.2000000000000028,3.8026666666666933,27.759999999999998,2,Rapid Change Zone,0
2023-01-19 17:00:00-03:00,27.4,84.0,-1.2000000000000028,4.299999999999997,3.781777777777804,27.78,2,Rapid Change Zone,0
2023-01-19 18:00:00-03:00,27.0,85.5,-0.3999999999999986,1.5,3.811555555555582,27.76,2,Rapid Change Zone,0
2023-01-19 19:00:00-03:00,26.6,87.1,-0.3999999999999986,1.5999999999999943,3.2111111111111326,27.9,2,Rapid Change Zone,0
2023-01-19 20:00:00-03:00,26.5,88.9,-0.10000000000000142,1.8000000000000114,1.3817777777777907,28.18,2,Rapid Change Zone,0
2023-01-19 21:00:00-03:00,26.7,87.2,0.1999999999999993,-1.7000000000000028,1.5137777777777979,27.96,2,Rapid Change Zone,0
2023-01-19 22:00:00-03:00,25.2,95.1,-1.5,7.8999999999999915,2.109888888888922,27.590000000000003,2,Rapid Change Zone,0
2023-01-19 23:00:00-03:00,24.7,95.9,-0.5,0.8000000000000114,2.5248888888889365,27.139999999999997,1,Humid Region,0
2023-01-20 00:00:00-03:00,23.5,99.0,-1.1999999999999993,3.0999999999999943,2.911222222222287,26.53,1,Humid Region,0
2023-01-20 01:00:00-03:00,23.3,99.0,-0.1999999999999993,0.0,2.9627777777778572,25.95,1,Humid Region,0
2023-01-20 02:00:00-03:00,23.0,99.0,-0.3000000000000007,0.0,2.8010000000000934,25.389999999999997,1,Humid Region,0
2023-01-20 03:00:00-03:00,22.7,99.0,-0.3000000000000007,0.0,2.9106666666667724,24.92,1,Humid Region,0
2023-01-20 04:00:00-03:00,22.5,99.0,-0.1999999999999993,0.0,2.85566666666678,24.470000000000002,1,Humid Region,0
2023-01-20 05:00:00-03:00,22.8,99.0,0.3000000000000007,0.0,2.5010000000001176,24.089999999999996,1,Humid Region,0
2023-01-20 06:00:00-03:00,23.8,98.8,1.0,-0.20000000000000284,1.7840000000001217,23.82,1,Humid Region,0
2023-01-20 07:00:00-03:00,27.0,89.9,3.1999999999999993,-8.899999999999991,1.9850000000001227,23.85,0,Stable Weather,0
2023-01-20 08:00:00-03:00,29.9,72.5,2.8999999999999986,-17.400000000000006,5.604000000000115,24.32,0,Stable Weather,0
2023-01-20 09:00:00-03:00,30.3,69.3,0.40000000000000213,-3.200000000000003,9.212888888888996,24.88,0,Stable Weather,0
2023-01-20 10:00:00-03:00,30.4,69.5,0.09999999999999787,0.20000000000000284,11.857888888888986,25.57,0,Stable Weather,0
2023-01-20 11:00:00-03:00,30.3,69.0,-0.09999999999999787,-0.5,13.226777777777873,26.27,0,Stable Weather,0
2023-01-20 12:00:00-03:00,30.8,64.3,0.5,-4.700000000000003,13.642777777777866,27.05,0,Stable Weather,0
2023-01-20 13:00:00-03:00,31.0,64.0,0.1999999999999993,-0.29999999999999716,12.508444444444523,27.880000000000003,0,Stable Weather,0
2023-01-20 14:00:00-03:00,30.5,67.4,-0.5,3.4000000000000057,9.344000000000067,28.68,0,Stable Weather,0
2023-01-20 15:00:00-03:00,30.3,68.1,-0.1999999999999993,0.6999999999999886,5.169000000000057,29.429999999999996,0,Stable Weather,0
2023-01-20 16:00:00-03:00,29.1,73.5,-1.1999999999999993,5.400000000000006,1.347111111111161,29.96,2,Rapid Change Zone,0
2023-01-20 17:00:00-03:00,27.5,79.4,-1.6000000000000014,5.900000000000006,1.0432222222222716,30.01,2,Rapid Change Zone,0
2023-01-20 18:00:00-03:00,27.0,80.5,-0.5,1.0999999999999943,1.9551111111111663,29.72,2,Rapid Change Zone,0
2023-01-20 19:00:00-03:00,26.8,81.4,-0.1999999999999993,0.9000000000000057,2.7290000000000614,29.369999999999997,2,Rapid Change Zone,0
2023-01-20 20:00:00-03:00,26.6,83.0,-0.1999999999999993,1.5999999999999943,3.3032222222222902,28.990000000000002,2,Rapid Change Zone,0
2023-01-20 21:00:00-03:00,26.6,84.1,0.0,1.0999999999999943,3.595111111111186,28.619999999999997,2,Rapid Change Zone,0
2023-01-20 22:00:00-03:00,26.1,85.6,-0.5,1.5,3.5272222222223086,28.15,2,Rapid Change Zone,0
2023-01-20 23:00:00-03:00,25.9,87.0,-0.20000000000000284,1.4000000000000057,2.8982222222223233,27.640000000000004,2,Rapid Change Zone,0
2023-01-21 00:00:00-03:00,24.2,94.4,-1.6999999999999993,7.400000000000006,2.863222222222338,27.01,1,Humid Region,0
2023-01-21 01:00:00-03:00,23.2,98.1,-1.0,3.6999999999999886,2.7133333333334613,26.3,1,Humid Region,0
2023-01-21 02:00:00-03:00,22.8,99.0,-0.3999999999999986,0.9000000000000057,2.7623333333334714,25.669999999999998,1,Humid Region,0
2023-01-21 03:00:00-03:00,22.6,99.0,-0.1999999999999993,0.0,3.170666666666813,25.18,1,Humid Region,0
2023-01-21 04:00:00-03:00,22.3,99.0,-0.3000000000000007,0.0,3.4787777777779305,24.71,1,Humid Region,0
2023-01-21 05:00:00-03:00,22.2,99.0,-0.10000000000000142,0.0,3.458333333333494,24.25,1,Humid Region,0
2023-01-21 06:00:00-03:00,24.0,95.3,1.8000000000000007,-3.700000000000003,2.7765555555557193,23.990000000000002,1,Humid Region,0
2023-01-21 07:00:00-03:00,28.0,82.5,4.0,-12.799999999999997,3.7845555555557158,24.130000000000003,0,Stable Weather,0
2023-01-21 08:00:00-03:00,29.9,72.8,1.8999999999999986,-9.700000000000003,6.892111111111261,24.509999999999998,0,Stable Weather,0
2023-01-21 09:00:00-03:00,30.3,71.2,0.40000000000000213,-1.5999999999999943,10.187222222222365,24.95,0,Stable Weather,0
2023-01-21 10:00:00-03:00,30.7,69.4,0.3999999999999986,-1.7999999999999972,13.328888888889015,25.6,0,Stable Weather,0
2023-01-21 11:00:00-03:00,30.9,69.0,0.1999999999999993,-0.4000000000000057,15.151222222222323,26.369999999999997,0,Stable Weather,0
2023-01-21 12:00:00-03:00,31.0,70.5,0.10000000000000142,1.5,15.369888888888969,27.189999999999998,0,Stable Weather,0
2023-01-21 13:00:00-03:00,30.5,72.6,-0.5,2.0999999999999943,13.552888888888951,27.98,0,Stable Weather,0
2023-01-21 14:00:00-03:00,30.1,73.1,-0.3999999999999986,0.5,9.791555555555597,28.759999999999998,0,Stable Weather,0
2023-01-21 15:00:00-03:00,30.0,72.0,-0.10000000000000142,-1.0999999999999943,4.5048888888889085,29.54,0,Stable Weather,0
2023-01-21 16:00:00-03:00,29.2,76.1,-0.8000000000000007,4.099999999999994,0.8071111111111193,30.060000000000002,2,Rapid Change Zone,0
2023-01-21 17:00:00-03:00,27.8,80.8,-1.3999999999999986,4.700000000000003,0.902666666666675,30.04,2,Rapid Change Zone,0
2023-01-21 18:00:00-03:00,27.3,81.8,-0.5,1.0,1.65955555555557,29.78,2,Rapid Change Zone,0
2023-01-21 19:00:00-03:00,27.2,83.2,-0.10000000000000142,1.4000000000000057,2.262333333333357,29.47,2,Rapid Change Zone,0
2023-01-21 20:00:00-03:00,27.2,84.0,0.0,0.7999999999999972,2.5306666666666997,29.120000000000005,2,Rapid Change Zone,0
2023-01-21 21:00:00-03:00,27.2,84.4,0.0,0.4000000000000057,2.4361111111111544,28.75,2,Rapid Change Zone,0
2023-01-21 22:00:00-03:00,27.0,84.3,-0.1999999999999993,-0.10000000000000853,2.036111111111163,28.35,2,Rapid Change Zone,0
2023-01-21 23:00:00-03:00,26.5,85.8,-0.5,1.5,1.7250000000000598,27.95,2,Rapid Change Zone,0
2023-01-22 00:00:00-03:00,25.5,90.8,-1.0,5.0,1.6432222222222916,27.49,2,Rapid Change Zone,0
2023-01-22 01:00:00-03:00,23.9,97.2,-1.6000000000000014,6.400000000000006,1.9617777777778618,26.880000000000003,1,Humid Region,0
2023-01-22 02:00:00-03:00,23.4,98.8,-0.5,1.5999999999999943,2.3355555555556546,26.3,1,Humid Region,0
2023-01-22 03:00:00-03:00,23.4,99.0,0.0,0.20000000000000284,2.8048888888890007,25.859999999999996,1,Humid Region,0
2023-01-22 04:00:00-03:00,23.0,99.0,-0.3999999999999986,0.0,3.277888888889013,25.43,1,Humid Region,0
2023-01-22 05:00:00-03:00,23.0,99.0,0.0,0.0,3.389888888889026,25.009999999999998,1,Humid Region,0
2023-01-22 06:00:00-03:00,24.7,94.8,1.6999999999999993,-4.200000000000003,2.7982222222223663,24.759999999999998,1,Humid Region,0
2023-01-22 07:00:00-03:00,27.6,84.9,2.900000000000002,-9.899999999999991,3.031111111111256,24.799999999999997,0,Stable Weather,0
2023-01-22 08:00:00-03:00,29.8,74.7,2.1999999999999993,-10.200000000000003,5.184000000000138,25.080000000000002,0,Stable Weather,0
2023-01-22 09:00:00-03:00,30.4,71.3,0.5999999999999979,-3.4000000000000057,7.935666666666792,25.470000000000002,0,Stable Weather,0
2023-01-22 10:00:00-03:00,31.3,69.2,0.9000000000000021,-2.0999999999999943,11.33833333333344,26.05,0,Stable Weather,0
2023-01-22 11:00:00-03:00,30.5,73.7,-0.8000000000000007,4.5,12.541000000000084,26.71,0,Stable Weather,0
2023-01-22 12:00:00-03:00,31.0,71.7,0.5,-2.0,12.726777777777837,27.47,0,Stable Weather,0
2023-01-22 13:00:00-03:00,30.8,73.1,-0.1999999999999993,1.3999999999999915,11.509888888888923,28.21,0,Stable Weather,0
2023-01-22 14:00:00-03:00,30.4,74.5,-0.40000000000000213,1.4000000000000057,8.418333333333344,28.95,0,Stable Weather,0
2023-01-22 15:00:00-03:00,30.4,72.8,0.0,-1.7000000000000028,4.109888888888878,29.689999999999998,0,Stable Weather,0
2023-01-22 16:00:00-03:00,29.7,76.6,-0.6999999999999993,3.799999999999997,1.0654444444444193,30.189999999999998,2,Rapid Change Zone,0
2023-01-22 17:00:00-03:00,28.2,82.1,-1.5,5.5,0.756111111111086,30.25,2,Rapid Change Zone,0
2023-01-22 18:00:00-03:00,27.7,84.0,-0.5,1.9000000000000057,1.4071111111110928,30.040000000000003,2,Rapid Change Zone,0
2023-01-22 19:00:00-03:00,27.5,85.2,-0.1999999999999993,1.2000000000000028,2.0161111111111016,29.75,2,Rapid Change Zone,0
2023-01-23 09:00:00-03:00,30.9,72.2,3.3999999999999986,-13.0,1.894333333333324,29.709999999999997,0,Stable Weather,0
2023-01-23 10:00:00-03:00,31.0,71.5,0.10000000000000142,-0.7000000000000028,2.0071111111111004,29.759999999999998,0,Stable Weather,0
2023-01-23 11:00:00-03:00,31.2,70.7,0.1999999999999993,-0.7999999999999972,2.0662222222222106,29.779999999999994,0,Stable Weather,0
2023-01-23 12:00:00-03:00,31.3,71.2,0.10000000000000142,0.5,2.2045555555555425,29.830000000000002,2,Rapid Change Zone,0
2023-01-23 13:00:00-03:00,31.2,72.7,-0.10000000000000142,1.5,2.369888888888874,29.909999999999997,2,Rapid Change Zone,0
2023-01-23 14:00:00-03:00,30.0,74.9,-1.1999999999999993,2.200000000000003,2.3423333333333196,29.869999999999997,2,Rapid Change Zone,0
2023-01-23 15:00:00-03:00,29.9,75.2,-0.10000000000000142,0.29999999999999716,2.338777777777763,29.890000000000004,2,Rapid Change Zone,0
2023-01-23 16:00:00-03:00,28.7,79.1,-1.1999999999999993,3.8999999999999915,2.1759999999999837,29.939999999999998,2,Rapid Change Zone,0
2023-01-23 17:00:00-03:00,28.0,81.3,-0.6999999999999993,2.200000000000003,2.0356666666666494,29.97,2,Rapid Change Zone,0
2023-01-23 18:00:00-03:00,27.6,82.2,-0.3999999999999986,0.9000000000000057,1.9817777777777588,29.98,2,Rapid Change Zone,0
2023-01-23 19:00:00-03:00,27.6,82.8,0.0,0.5999999999999943,2.3961111111111024,29.65,2,Rapid Change Zone,0
2023-01-23 20:00:00-03:00,27.5,82.4,-0.10000000000000142,-0.3999999999999915,2.5711111111111147,29.3,2,Rapid Change Zone,0
2023-01-23 21:00:00-03:00,27.4,83.0,-0.10000000000000142,0.5999999999999943,2.4106666666666836,28.920000000000005,2,Rapid Change Zone,0
2023-01-23 22:00:00-03:00,27.2,82.6,-0.1999999999999993,-0.4000000000000057,1.9232222222222535,28.51,2,Rapid Change Zone,0
2023-01-23 23:00:00-03:00,27.3,83.1,0.10000000000000142,0.5,1.1128888888889348,28.119999999999997,2,Rapid Change Zone,0
2023-01-24 00:00:00-03:00,27.0,84.7,-0.3000000000000007,1.6000000000000085,0.7595555555556142,27.82,2,Rapid Change Zone,0
2023-01-24 01:00:00-03:00,26.3,88.9,-0.6999999999999993,4.200000000000003,0.39155555555562954,27.46,2,Rapid Change Zone,0
2023-01-24 02:00:00-03:00,24.1,97.9,-2.1999999999999993,9.0,1.2400000000000937,27.0,1,Humid Region,0
2023-01-24 03:00:00-03:00,23.7,99.0,-0.40000000000000213,1.0999999999999943,2.1334444444445597,26.57,1,Humid Region,0
2023-01-24 04:00:00-03:00,23.9,99.0,0.1999999999999993,0.0,2.65555555555569,26.2,1,Humid Region,0
2023-01-24 05:00:00-03:00,24.0,99.0,0.10000000000000142,0.0,2.8315555555557093,25.840000000000003,1,Humid Region,0
2023-01-24 06:00:00-03:00,25.2,98.2,1.1999999999999993,-0.7999999999999972,2.512111111111278,25.610000000000003,1,Humid Region,0
2023-01-24 07:00:00-03:00,28.2,83.7,3.0,-14.5,2.894333333333495,25.689999999999998,0,Stable Weather,0
2023-01-24 08:00:00-03:00,30.2,72.2,2.0,-11.5,4.801000000000144,25.990000000000002,0,Stable Weather,0
2023-01-24 11:00:00-03:00,30.6,69.3,0.40000000000000213,-2.9000000000000057,6.850666666666793,26.32,0,Stable Weather,0
2023-01-24 12:00:00-03:00,30.8,67.7,0.1999999999999993,-1.5999999999999943,8.868888888888996,26.7,0,Stable Weather,0
2023-01-24 13:00:00-03:00,31.4,64.2,0.5999999999999979,-3.5,11.016555555555632,27.209999999999997,0,Stable Weather,0
2023-01-24 14:00:00-03:00,30.6,70.7,-0.7999999999999972,6.5,10.749333333333373,27.860000000000003,0,Stable Weather,0
2023-01-24 15:00:00-03:00,29.6,73.9,-1.0,3.200000000000003,8.776111111111113,28.45,2,Rapid Change Zone,0
2023-01-24 16:00:00-03:00,29.2,72.0,-0.40000000000000213,-1.9000000000000057,6.2262222222221855,28.979999999999997,0,Stable Weather,0
2023-01-24 17:00:00-03:00,27.9,78.7,-1.3000000000000007,6.700000000000003,3.4312222222221576,29.369999999999997,2,Rapid Change Zone,0
2023-01-24 18:00:00-03:00,27.5,80.5,-0.3999999999999986,1.7999999999999972,1.8288888888888064,29.6,2,Rapid Change Zone,0
2023-01-24 19:00:00-03:00,27.4,78.8,-0.10000000000000142,-1.7000000000000028,2.141777777777701,29.52,2,Rapid Change Zone,0
2023-01-24 20:00:00-03:00,27.3,78.8,-0.09999999999999787,0.0,2.5445555555554993,29.23,2,Rapid Change Zone,0
2023-01-24 21:00:00-03:00,27.0,80.4,-0.3000000000000007,1.6000000000000085,2.7445555555555248,28.869999999999997,2,Rapid Change Zone,0
2023-01-24 22:00:00-03:00,26.9,80.6,-0.10000000000000142,0.19999999999998863,2.5928888888888864,28.479999999999997,2,Rapid Change Zone,0
2023-01-24 23:00:00-03:00,26.6,81.1,-0.29999999999999716,0.5,1.7822222222222541,28.0,2,Rapid Change Zone,0
2023-01-25 00:00:00-03:00,26.3,82.2,-0.3000000000000007,1.1000000000000085,1.1467777777778396,27.57,2,Rapid Change Zone,0
2023-01-25 01:00:00-03:00,25.8,83.5,-0.5,1.2999999999999972,0.8765555555556439,27.190000000000005,2,Rapid Change Zone,0
2023-01-25 02:00:00-03:00,25.4,85.2,-0.40000000000000213,1.7000000000000028,0.6232222222223398,26.809999999999995,2,Rapid Change Zone,0
2023-01-25 03:00:00-03:00,23.5,94.4,-1.8999999999999986,9.200000000000003,1.4934444444445947,26.369999999999997,1,Humid Region,0
2023-01-25 04:00:00-03:00,22.7,97.2,-0.8000000000000007,2.799999999999997,2.592111111111299,25.890000000000004,1,Humid Region,0
2023-01-25 05:00:00-03:00,22.5,98.2,-0.1999999999999993,1.0,3.348888888889118,25.4,1,Humid Region,0
2023-01-25 06:00:00-03:00,25.2,88.5,2.6999999999999993,-9.700000000000003,2.9032222222224684,25.19,0,Stable Weather,0
2023-01-25 07:00:00-03:00,28.1,76.0,2.900000000000002,-12.5,3.466666666666905,25.3,0,Stable Weather,0
2023-01-25 08:00:00-03:00,28.5,73.2,0.3999999999999986,-2.799999999999997,4.291555555555782,25.46,0,Stable Weather,0
2023-01-25 09:00:00-03:00,29.8,67.1,1.3000000000000007,-6.1000000000000085,6.126222222222422,25.78,0,Stable Weather,0
2023-01-25 10:00:00-03:00,30.1,66.3,0.3000000000000007,-0.7999999999999972,8.009333333333501,26.159999999999997,0,Stable Weather,0
2023-01-25 11:00:00-03:00,30.4,64.8,0.29999999999999716,-1.5,9.757333333333461,26.619999999999997,0,Stable Weather,0
2023-01-25 12:00:00-03:00,30.3,65.6,-0.09999999999999787,0.7999999999999972,10.829888888888979,27.110000000000003,0,Stable Weather,0
2023-01-25 13:00:00-03:00,30.5,65.2,0.1999999999999993,-0.3999999999999915,10.11433333333337,27.810000000000002,0,Stable Weather,0
2023-01-25 14:00:00-03:00,30.2,66.0,-0.3000000000000007,0.7999999999999972,7.222666666666644,28.560000000000002,0,Stable Weather,0
2023-01-25 15:00:00-03:00,30.2,64.2,0.0,-1.7999999999999972,2.782333333333253,29.330000000000002,0,Stable Weather,0
2023-01-25 16:00:00-03:00,29.6,68.2,-0.5999999999999979,4.0,0.6801111111109968,29.770000000000003,2,Rapid Change Zone,0
2023-01-25 17:00:00-03:00,27.8,73.4,-1.8000000000000007,5.200000000000003,0.8004444444443324,29.74,2,Rapid Change Zone,0
2023-01-25 18:00:00-03:00,27.1,77.6,-0.6999999999999993,4.199999999999989,1.3822222222221197,29.6,2,Rapid Change Zone,0
2023-01-25 19:00:00-03:00,27.0,79.2,-0.10000000000000142,1.6000000000000085,2.0417777777776958,29.32,2,Rapid Change Zone,0
2023-01-25 20:00:00-03:00,26.8,80.1,-0.1999999999999993,0.8999999999999915,2.5587777777777196,28.990000000000002,2,Rapid Change Zone,0
2023-01-25 21:00:00-03:00,26.8,80.5,0.0,0.4000000000000057,2.7267777777777473,28.630000000000003,2,Rapid Change Zone,0
2023-01-25 22:00:00-03:00,26.7,80.8,-0.10000000000000142,0.29999999999999716,2.6867777777777753,28.27,2,Rapid Change Zone,0
2023-01-25 23:00:00-03:00,25.6,85.9,-1.0999999999999979,5.1000000000000085,2.659555555555591,27.78,2,Rapid Change Zone,0
2023-01-26 00:00:00-03:00,23.7,95.2,-1.9000000000000021,9.299999999999997,3.38900000000009,27.130000000000003,1,Humid Region,0
2023-01-26 01:00:00-03:00,23.1,97.2,-0.5999999999999979,2.0,3.586222222222371,26.419999999999998,1,Humid Region,0
2023-01-26 02:00:00-03:00,22.8,97.4,-0.3000000000000007,0.20000000000000284,3.404888888889093,25.740000000000002,1,Humid Region,0
2023-01-26 03:00:00-03:00,23.0,96.4,0.1999999999999993,-1.0,3.511555555555799,25.259999999999998,1,Humid Region,0
2023-01-26 04:00:00-03:00,22.7,98.1,-0.3000000000000007,1.6999999999999886,3.6484444444447237,24.82,1,Humid Region,0
2023-01-26 05:00:00-03:00,22.3,99.0,-0.3999999999999986,0.9000000000000057,3.5805555555558723,24.35,1,Humid Region,0
2023-01-26 06:00:00-03:00,24.2,93.7,1.8999999999999986,-5.299999999999997,2.8410000000003373,24.089999999999996,1,Humid Region,0
2023-01-26 07:00:00-03:00,27.9,82.5,3.6999999999999993,-11.200000000000003,3.6244444444447717,24.2,0,Stable Weather,0
2023-01-26 08:00:00-03:00,29.4,76.9,1.5,-5.599999999999994,5.853444444444751,24.47,0,Stable Weather,0
2023-01-26 09:00:00-03:00,29.9,74.7,0.5,-2.200000000000003,8.782222222222494,24.9,0,Stable Weather,0
2023-01-26 10:00:00-03:00,30.2,72.0,0.3000000000000007,-2.700000000000003,11.273888888889111,25.55,0,Stable Weather,0
2023-01-26 11:00:00-03:00,30.7,70.0,0.5,-2.0,12.912111111111278,26.309999999999995,0,Stable Weather,0
2023-01-26 14:00:00-03:00,31.1,68.4,0.40000000000000213,-1.5999999999999943,13.32711111111122,27.139999999999997,0,Stable Weather,0
2023-01-26 15:00:00-03:00,30.2,71.9,-0.9000000000000021,3.5,11.887111111111167,27.860000000000003,0,Stable Weather,0
2023-01-26 16:00:00-03:00,29.6,73.7,-0.5999999999999979,1.7999999999999972,8.736111111111112,28.55,0,Stable Weather,0
2023-01-26 17:00:00-03:00,28.1,80.1,-1.5,6.3999999999999915,4.04455555555551,29.130000000000003,2,Rapid Change Zone,0
2023-01-26 18:00:00-03:00,27.6,82.0,-0.5,1.9000000000000057,1.475666666666591,29.47,2,Rapid Change Zone,0
2023-01-26 19:00:00-03:00,27.5,81.9,-0.10000000000000142,-0.09999999999999432,1.6312222222221497,29.429999999999996,2,Rapid Change Zone,0
2023-01-26 20:00:00-03:00,27.6,81.6,0.10000000000000142,-0.30000000000001137,1.9672222222221647,29.25,2,Rapid Change Zone,0
2023-01-26 21:00:00-03:00,27.5,82.6,-0.10000000000000142,1.0,2.196555555555518,29.01,2,Rapid Change Zone,0
2023-01-26 22:00:00-03:00,27.5,82.6,0.0,0.0,2.211555555555541,28.74,2,Rapid Change Zone,0
2023-01-26 23:00:00-03:00,27.0,84.4,-0.5,1.8000000000000114,1.969000000000017,28.369999999999997,2,Rapid Change Zone,0
2023-01-27 00:00:00-03:00,26.1,90.9,-0.8999999999999986,6.5,1.4356666666667275,27.869999999999997,2,Rapid Change Zone,0
2023-01-27 01:00:00-03:00,26.4,89.7,0.29999999999999716,-1.2000000000000028,0.912111111111207,27.490000000000002,2,Rapid Change Zone,0
2023-01-27 02:00:00-03:00,25.9,90.6,-0.5,0.8999999999999915,0.5462222222223524,27.119999999999997,2,Rapid Change Zone,0
2023-01-27 03:00:00-03:00,24.8,95.6,-1.0999999999999979,5.0,0.9165555555557164,26.79,1,Humid Region,0
2023-01-27 04:00:00-03:00,24.5,97.1,-0.3000000000000007,1.5,1.3195555555557439,26.48,1,Humid Region,0
2023-01-27 05:00:00-03:00,24.2,97.1,-0.3000000000000007,0.0,1.6605555555557725,26.15,1,Humid Region,0
2023-01-27 06:00:00-03:00,26.4,90.4,2.1999999999999993,-6.699999999999989,1.4178888888891152,26.03,0,Stable Weather,0
2023-01-27 07:00:00-03:00,29.7,76.5,3.3000000000000007,-13.900000000000006,2.620555555555764,26.25,0,Stable Weather,0
2023-01-27 08:00:00-03:00,30.2,74.7,0.5,-1.7999999999999972,4.099555555555742,26.52,0,Stable Weather,0
2023-01-27 09:00:00-03:00,30.5,73.8,0.3000000000000007,-0.9000000000000057,5.697888888889049,26.869999999999997,0,Stable Weather,0
2023-01-27 10:00:00-03:00,30.7,73.2,0.1999999999999993,-0.5999999999999943,7.026777777777904,27.330000000000002,0,Stable Weather,0
2023-01-27 11:00:00-03:00,31.1,71.6,0.40000000000000213,-1.6000000000000085,8.264444444444534,27.8,0,Stable Weather,0
2023-01-27 12:00:00-03:00,31.2,71.0,0.09999999999999787,-0.5999999999999943,8.835666666666711,28.330000000000002,0,Stable Weather,0
2023-01-27 13:00:00-03:00,31.1,70.7,-0.09999999999999787,-0.29999999999999716,7.86266666666666,28.959999999999997,0,Stable Weather,0
2023-01-27 14:00:00-03:00,31.3,69.4,0.1999999999999993,-1.2999999999999972,5.74711111111105,29.639999999999997,0,Stable Weather,0
2023-01-27 15:00:00-03:00,30.8,70.5,-0.5,1.0999999999999943,2.124444444444329,30.3,2,Rapid Change Zone,0
2023-01-27 16:00:00-03:00,30.2,72.2,-0.6000000000000014,1.7000000000000028,0.2751111111109637,30.68,2,Rapid Change Zone,0
2023-01-27 17:00:00-03:00,28.5,78.6,-1.6999999999999993,6.3999999999999915,0.680444444444306,30.560000000000002,2,Rapid Change Zone,0
2023-01-27 18:00:00-03:00,27.8,82.8,-0.6999999999999993,4.200000000000003,1.4484444444443227,30.32,2,Rapid Change Zone,0
2023-01-27 19:00:00-03:00,27.6,84.6,-0.1999999999999993,1.7999999999999972,2.1734444444443435,30.03,2,Rapid Change Zone,0
2023-01-27 20:00:00-03:00,27.5,85.3,-0.10000000000000142,0.7000000000000028,2.7209999999999224,29.71,2,Rapid Change Zone,0
2023-01-27 21:00:00-03:00,27.5,84.6,0.0,-0.7000000000000028,2.9049999999999487,29.35,2,Rapid Change Zone,0
2023-01-27 22:00:00-03:00,27.7,84.0,0.1999999999999993,-0.5999999999999943,2.691111111111086,29.0,2,Rapid Change Zone,0
2023-01-27 23:00:00-03:00,27.3,84.9,-0.3999999999999986,0.9000000000000057,2.361777777777778,28.620000000000005,2,Rapid Change Zone,0
2023-01-28 00:00:00-03:00,26.9,86.4,-0.40000000000000213,1.5,1.6773333333333658,28.18,2,Rapid Change Zone,0
2023-01-28 01:00:00-03:00,26.7,87.8,-0.1999999999999993,1.3999999999999915,0.9712222222222836,27.77,2,Rapid Change Zone,0
2023-01-28 02:00:00-03:00,27.0,84.2,0.3000000000000007,-3.5999999999999943,0.2672222222223065,27.45,2,Rapid Change Zone,0
2023-01-28 03:00:00-03:00,27.0,83.0,0.0,-1.2000000000000028,0.14222222222231695,27.3,2,Rapid Change Zone,0
2023-01-28 04:00:00-03:00,26.7,81.6,-0.3000000000000007,-1.4000000000000057,0.14100000000010235,27.189999999999998,2,Rapid Change Zone,0
2023-01-28 05:00:00-03:00,26.6,81.8,-0.09999999999999787,0.20000000000000284,0.1498888888889977,27.089999999999996,2,Rapid Change Zone,0
2023-01-28 06:00:00-03:00,27.8,78.1,1.1999999999999993,-3.700000000000003,0.18622222222232893,27.119999999999997,0,Stable Weather,0
2023-01-28 07:00:00-03:00,28.5,74.8,0.6999999999999993,-3.299999999999997,0.3706666666667658,27.22,0,Stable Weather,0
2023-01-28 08:00:00-03:00,29.6,72.3,1.1000000000000014,-2.5,0.9343333333334196,27.410000000000004,0,Stable Weather,0
2023-01-28 09:00:00-03:00,29.9,71.3,0.29999999999999716,-1.0,1.5467777777778455,27.669999999999998,0,Stable Weather,0
2023-01-28 10:00:00-03:00,30.5,67.5,0.6000000000000014,-3.799999999999997,2.2267777777778215,28.03,0,Stable Weather,0
2023-01-28 11:00:00-03:00,30.8,63.9,0.3000000000000007,-3.6000000000000014,2.6960000000000175,28.440000000000005,0,Stable Weather,0
2023-01-28 12:00:00-03:00,30.6,64.7,-0.1999999999999993,0.8000000000000043,2.8399999999999945,28.8,0,Stable Weather,0
2023-01-28 13:00:00-03:00,30.6,63.3,0.0,-1.4000000000000057,2.695999999999972,29.160000000000004,0,Stable Weather,0
2023-01-28 14:00:00-03:00,30.3,64.8,-0.3000000000000007,1.5,2.0239999999999494,29.520000000000003,2,Rapid Change Zone,0
2023-01-28 15:00:00-03:00,30.0,68.5,-0.3000000000000007,3.700000000000003,0.9737777777777065,29.860000000000003,2,Rapid Change Zone,0
2023-01-28 16:00:00-03:00,29.4,69.8,-0.6000000000000014,1.2999999999999972,0.4973333333332526,30.02,2,Rapid Change Zone,0
2023-01-28 17:00:00-03:00,27.9,71.8,-1.5,2.0,0.7359999999999229,29.959999999999997,2,Rapid Change Zone,0
2023-01-28 18:00:00-03:00,27.3,74.1,-0.5999999999999979,2.299999999999997,1.4489999999999357,29.73,2,Rapid Change Zone,0
2023-01-28 19:00:00-03:00,27.2,75.6,-0.10000000000000142,1.5,2.0759999999999517,29.459999999999997,2,Rapid Change Zone,0
2023-01-28 20:00:00-03:00,26.7,77.0,-0.5,1.4000000000000057,2.6417777777777522,29.080000000000002,2,Rapid Change Zone,0
2023-01-28 21:00:00-03:00,26.8,77.2,0.10000000000000142,0.20000000000000284,2.7128888888888856,28.679999999999996,2,Rapid Change Zone,0
2023-01-28 22:00:00-03:00,25.9,86.2,-0.9000000000000021,9.0,2.9165555555555773,28.21,2,Rapid Change Zone,0
2023-01-28 23:00:00-03:00,24.9,93.2,-1.0,7.0,3.138222222222271,27.639999999999997,1,Humid Region,0
2023-01-29 00:00:00-03:00,25.3,88.1,0.40000000000000213,-5.1000000000000085,2.6826666666667394,27.139999999999997,1,Humid Region,0
2023-01-29 01:00:00-03:00,25.0,89.6,-0.3000000000000007,1.5,2.0048888888889866,26.639999999999997,1,Humid Region,0
2023-01-29 02:00:00-03:00,23.9,95.3,-1.1000000000000014,5.700000000000003,1.656555555555681,26.089999999999996,1,Humid Region,0
2023-01-29 03:00:00-03:00,23.1,98.8,-0.7999999999999972,3.5,2.0298888888890385,25.609999999999996,1,Humid Region,0
2023-01-29 04:00:00-03:00,22.7,99.0,-0.40000000000000213,0.20000000000000284,2.418333333333507,25.15,1,Humid Region,0
2023-01-29 05:00:00-03:00,22.6,99.0,-0.09999999999999787,0.0,2.4387777777779767,24.689999999999998,1,Humid Region,0
2023-01-29 06:00:00-03:00,24.2,94.2,1.5999999999999979,-4.799999999999997,1.947111111111325,24.44,1,Humid Region,0
2023-01-29 07:00:00-03:00,26.4,88.3,2.1999999999999993,-5.900000000000006,1.7533333333335492,24.4,0,Stable Weather,0
2023-01-29 08:00:00-03:00,28.4,78.4,2.0,-9.899999999999991,3.211666666666869,24.65,0,Stable Weather,0
2023-01-29 09:00:00-03:00,29.9,71.8,1.5,-6.6000000000000085,5.989444444444619,25.15,0,Stable Weather,0
2023-01-29 10:00:00-03:00,30.6,69.0,0.7000000000000028,-2.799999999999997,8.975111111111262,25.68,0,Stable Weather,0
2023-01-29 11:00:00-03:00,30.6,69.5,0.0,0.5,11.264888888889017,26.24,0,Stable Weather,0
2023-01-29 12:00:00-03:00,30.5,69.4,-0.10000000000000142,-0.09999999999999432,12.18888888888899,26.9,0,Stable Weather,0
2023-01-29 13:00:00-03:00,31.0,68.6,0.5,-0.8000000000000114,11.758777777777844,27.689999999999998,0,Stable Weather,0
2023-01-29 14:00:00-03:00,30.5,68.9,-0.5,0.30000000000001137,9.193444444444477,28.47,0,Stable Weather,0
2023-01-29 15:00:00-03:00,30.3,67.5,-0.1999999999999993,-1.4000000000000057,5.078222222222223,29.24,0,Stable Weather,0
2023-01-29 16:00:00-03:00,29.2,73.1,-1.1000000000000014,5.599999999999994,1.9782222222222003,29.74,2,Rapid Change Zone,0
2023-01-29 17:00:00-03:00,27.8,76.8,-1.3999999999999986,3.700000000000003,1.135111111111082,29.880000000000003,2,Rapid Change Zone,0
2023-01-29 18:00:00-03:00,27.4,80.5,-0.40000000000000213,3.700000000000003,1.5639999999999752,29.779999999999994,2,Rapid Change Zone,0
2023-01-29 19:00:00-03:00,27.2,80.9,-0.1999999999999993,0.4000000000000057,2.220999999999987,29.51,2,Rapid Change Zone,0
2023-01-29 20:00:00-03:00,27.2,83.0,0.0,2.0999999999999943,2.5534444444444464,29.169999999999998,2,Rapid Change Zone,0
2023-01-29 21:00:00-03:00,27.2,82.0,0.0,-1.0,2.629000000000017,28.830000000000002,2,Rapid Change Zone,0
2023-01-29 22:00:00-03:00,27.0,83.4,-0.1999999999999993,1.4000000000000057,2.5551111111111435,28.48,2,Rapid Change Zone,0
2023-01-29 23:00:00-03:00,27.0,81.8,0.0,-1.6000000000000085,1.9151111111111634,28.080000000000002,2,Rapid Change Zone,0
2023-01-30 00:00:00-03:00,26.6,82.8,-0.3999999999999986,1.0,1.3387777777778505,27.689999999999998,2,Rapid Change Zone,0
2023-01-30 01:00:00-03:00,26.3,85.7,-0.3000000000000007,2.9000000000000057,0.618777777777874,27.29,2,Rapid Change Zone,0
2023-01-30 02:00:00-03:00,26.2,84.9,-0.10000000000000142,-0.7999999999999972,0.24544444444455923,26.99,2,Rapid Change Zone,0
2023-01-30 03:00:00-03:00,26.4,84.8,0.1999999999999993,-0.10000000000000853,0.18944444444456768,26.85,2,Rapid Change Zone,0
2023-01-30 04:00:00-03:00,26.0,87.2,-0.3999999999999986,2.4000000000000057,0.21433333333346546,26.71,2,Rapid Change Zone,0
2023-01-30 05:00:00-03:00,25.8,89.8,-0.1999999999999993,2.5999999999999943,0.2578888888890299,26.57,1,Humid Region,0
2023-01-30 06:00:00-03:00,26.1,89.0,0.3000000000000007,-0.7999999999999972,0.2248888888890369,26.46,1,Humid Region,0
2023-01-30 07:00:00-03:00,28.3,82.2,2.1999999999999993,-6.799999999999997,0.5267777777779182,26.57,0,Stable Weather,0
2023-01-30 08:00:00-03:00,29.1,77.9,0.8000000000000007,-4.299999999999997,1.1684444444445705,26.78,0,Stable Weather,0
2023-01-30 09:00:00-03:00,30.2,71.8,1.0999999999999979,-6.1000000000000085,2.348888888888991,27.1,0,Stable Weather,0
2023-01-30 10:00:00-03:00,30.3,70.6,0.10000000000000142,-1.2000000000000028,3.3067777777778518,27.47,0,Stable Weather,0
2023-01-30 11:00:00-03:00,30.8,67.9,0.5,-2.6999999999999886,4.161777777777819,27.919999999999998,0,Stable Weather,0
2023-01-30 12:00:00-03:00,30.8,69.0,0.0,1.0999999999999943,4.519555555555562,28.380000000000003,0,Stable Weather,0
2023-01-30 13:00:00-03:00,30.4,71.3,-0.40000000000000213,2.299999999999997,4.359555555555531,28.779999999999994,2,Rapid Change Zone,0
2023-01-30 14:00:00-03:00,30.5,69.5,0.10000000000000142,-1.7999999999999972,3.604555555555498,29.229999999999997,0,Stable Weather,0
2023-01-30 15:00:00-03:00,30.3,68.1,-0.1999999999999993,-1.4000000000000057,2.1995555555554667,29.68,0,Stable Weather,0
2023-01-30 16:00:00-03:00,29.4,74.0,-0.9000000000000021,5.900000000000006,0.6632222222221118,30.01,2,Rapid Change Zone,0
2023-01-30 17:00:00-03:00,27.9,76.9,-1.5,2.9000000000000057,0.8312222222221158,29.97,2,Rapid Change Zone,0
2023-01-30 18:00:00-03:00,27.5,78.2,-0.3999999999999986,1.2999999999999972,1.3965555555554605,29.810000000000002,2,Rapid Change Zone,0
2023-01-30 19:00:00-03:00,27.4,79.0,-0.10000000000000142,0.7999999999999972,1.9378888888888133,29.529999999999994,2,Rapid Change Zone,0
2023-01-30 20:00:00-03:00,27.3,81.2,-0.09999999999999787,2.200000000000003,2.3245555555555004,29.23,2,Rapid Change Zone,0
2023-01-30 21:00:00-03:00,27.3,81.6,0.0,0.3999999999999915,2.328444444444415,28.880000000000003,2,Rapid Change Zone,0
2023-01-30 22:00:00-03:00,27.4,81.4,0.09999999999999787,-0.19999999999998863,2.0337777777777735,28.54,2,Rapid Change Zone,0
2023-01-30 23:00:00-03:00,27.1,81.6,-0.29999999999999716,0.19999999999998863,1.7587777777777989,28.21,2,Rapid Change Zone,0
2023-01-31 00:00:00-03:00,26.9,83.2,-0.20000000000000284,1.6000000000000085,1.2227777777778253,27.85,2,Rapid Change Zone,0
2023-01-31 01:00:00-03:00,26.8,81.7,-0.09999999999999787,-1.5,0.542222222222295,27.5,2,Rapid Change Zone,0
2023-01-31 02:00:00-03:00,26.8,82.8,0.0,1.0999999999999943,0.12044444444453584,27.24,2,Rapid Change Zone,0
2023-01-31 03:00:00-03:00,26.7,83.9,-0.10000000000000142,1.1000000000000085,0.0884444444445441,27.119999999999997,2,Rapid Change Zone,0
2023-01-31 04:00:00-03:00,25.9,86.4,-0.8000000000000007,2.5,0.2093333333334439,26.96,2,Rapid Change Zone,0
2023-01-31 05:00:00-03:00,24.8,92.9,-1.0999999999999979,6.5,0.631111111111238,26.7,1,Humid Region,0
2023-01-31 06:00:00-03:00,27.3,80.7,2.5,-12.200000000000003,0.631111111111238,26.7,0,Stable Weather,0
2023-01-31 07:00:00-03:00,28.9,74.1,1.5999999999999979,-6.6000000000000085,1.1004444444445605,26.860000000000003,0,Stable Weather,0
2023-01-31 08:00:00-03:00,29.3,71.8,0.40000000000000213,-2.299999999999997,1.6894444444445484,27.05,0,Stable Weather,0
2023-01-31 09:00:00-03:00,30.1,70.0,0.8000000000000007,-1.7999999999999972,2.6227777777778636,27.35,0,Stable Weather,0
2023-01-31 10:00:00-03:00,30.5,68.7,0.3999999999999986,-1.2999999999999972,3.5587777777778395,27.71,0,Stable Weather,0
2023-01-31 11:00:00-03:00,30.5,69.1,0.0,0.3999999999999915,4.179555555555595,28.080000000000002,0,Stable Weather,0
2023-01-31 12:00:00-03:00,30.9,67.5,0.3999999999999986,-1.5999999999999943,4.694333333333347,28.49,0,Stable Weather,0
2023-01-31 13:00:00-03:00,30.7,65.8,-0.1999999999999993,-1.7000000000000028,4.703222222222212,28.890000000000004,0,Stable Weather,0
2023-01-31 14:00:00-03:00,30.7,69.0,0.0,3.200000000000003,3.8178888888888505,29.369999999999997,2,Rapid Change Zone,0
2023-01-31 15:00:00-03:00,30.1,72.3,-0.5999999999999979,3.299999999999997,1.2444444444443772,29.9,2,Rapid Change Zone,0
2023-01-31 16:00:00-03:00,29.2,74.2,-0.9000000000000021,1.9000000000000057,0.5076666666665903,30.090000000000003,2,Rapid Change Zone,0
2023-01-31 17:00:00-03:00,28.1,78.5,-1.0999999999999979,4.299999999999997,0.7832222222221497,30.009999999999998,2,Rapid Change Zone,0
2023-01-31 18:00:00-03:00,27.8,81.4,-0.3000000000000007,2.9000000000000057,1.2448888888888243,29.860000000000003,2,Rapid Change Zone,0
2023-01-31 19:00:00-03:00,27.8,81.2,0.0,-0.20000000000000284,1.6512222222221695,29.630000000000003,2,Rapid Change Zone,0
2023-01-31 20:00:00-03:00,27.7,80.7,-0.10000000000000142,-0.5,1.8938888888888512,29.35,2,Rapid Change Zone,0
2023-01-31 21:00:00-03:00,27.6,80.9,-0.09999999999999787,0.20000000000000284,1.993777777777754,29.060000000000002,2,Rapid Change Zone,0
2023-01-31 22:00:00-03:00,27.5,81.9,-0.10000000000000142,1.0,1.7595555555555507,28.720000000000006,2,Rapid Change Zone,0
2023-01-31 23:00:00-03:00,27.3,82.7,-0.1999999999999993,0.7999999999999972,1.4195555555555683,28.379999999999995,2,Rapid Change Zone,0
2023-02-01 00:00:00-03:00,27.0,85.5,-0.3000000000000007,2.799999999999997,0.8810000000000326,28.009999999999998,2,Rapid Change Zone,0
2023-02-01 01:00:00-03:00,26.7,87.2,-0.3000000000000007,1.7000000000000028,0.4578888888889383,27.669999999999998,2,Rapid Change Zone,0
2023-02-01 02:00:00-03:00,26.6,85.7,-0.09999999999999787,-1.5,0.24988888888895122,27.410000000000004,2,Rapid Change Zone,0
2023-02-01 03:00:00-03:00,26.5,85.8,-0.10000000000000142,0.09999999999999432,0.26055555555562526,27.25,2,Rapid Change Zone,0
2023-02-01 04:00:00-03:00,25.6,90.1,-0.8999999999999986,4.299999999999997,0.4756666666667455,27.03,2,Rapid Change Zone,0
2023-02-01 05:00:00-03:00,24.8,93.8,-0.8000000000000007,3.700000000000003,0.8623333333334238,26.73,1,Humid Region,0
2023-02-01 06:00:00-03:00,26.1,89.3,1.3000000000000007,-4.5,0.7734444444445412,26.57,1,Humid Region,0
2023-02-01 07:00:00-03:00,27.4,85.2,1.2999999999999972,-4.099999999999994,0.7316666666667636,26.55,0,Stable Weather,0
2023-02-01 08:00:00-03:00,29.8,74.8,2.400000000000002,-10.400000000000006,1.7462222222223103,26.78,0,Stable Weather,0
2023-02-01 09:00:00-03:00,30.8,67.4,1.0,-7.3999999999999915,3.3756666666667416,27.130000000000003,0,Stable Weather,0
2023-02-01 10:00:00-03:00,30.9,67.5,0.09999999999999787,0.09999999999999432,4.784000000000059,27.52,0,Stable Weather,0
2023-02-01 11:00:00-03:00,31.1,67.8,0.20000000000000284,0.29999999999999716,5.918222222222264,27.96,0,Stable Weather,0
2023-02-01 12:00:00-03:00,31.2,65.1,0.09999999999999787,-2.700000000000003,6.6440000000000214,28.419999999999998,0,Stable Weather,0
2023-02-01 13:00:00-03:00,30.9,67.2,-0.3000000000000007,2.1000000000000085,6.702666666666669,28.859999999999996,0,Stable Weather,0
2023-02-01 14:00:00-03:00,30.6,68.6,-0.29999999999999716,1.3999999999999915,5.580444444444428,29.360000000000003,0,Stable Weather,0
2023-02-01 15:00:00-03:00,30.4,69.1,-0.20000000000000284,0.5,3.0417777777777406,29.919999999999998,2,Rapid Change Zone,0
2023-02-01 16:00:00-03:00,29.5,72.6,-0.8999999999999986,3.5,1.3115555555555076,30.259999999999998,2,Rapid Change Zone,0
2023-02-01 17:00:00-03:00,28.2,77.7,-1.3000000000000007,5.1000000000000085,0.8671111111110601,30.340000000000003,2,Rapid Change Zone,0
2023-02-01 18:00:00-03:00,27.7,79.7,-0.5,2.0,1.5601111111110688,30.130000000000003,2,Rapid Change Zone,0
2023-02-01 19:00:00-03:00,27.7,81.0,0.0,1.2999999999999972,2.0595555555555256,29.82,2,Rapid Change Zone,0
2023-02-01 20:00:00-03:00,27.6,81.8,-0.09999999999999787,0.7999999999999972,2.3565555555555395,29.490000000000002,2,Rapid Change Zone,0
2023-02-01 21:00:00-03:00,27.4,82.7,-0.20000000000000284,0.9000000000000057,2.401777777777777,29.119999999999997,2,Rapid Change Zone,0
2023-02-01 22:00:00-03:00,27.3,84.4,-0.09999999999999787,1.7000000000000028,2.120111111111127,28.73,2,Rapid Change Zone,0
2023-02-01 23:00:00-03:00,27.1,85.4,-0.1999999999999993,1.0,1.7316666666666982,28.35,2,Rapid Change Zone,0
2023-02-02 00:00:00-03:00,26.7,86.9,-0.40000000000000213,1.5,1.3026666666667153,27.96,2,Rapid Change Zone,0
2023-02-02 01:00:00-03:00,26.8,86.9,0.10000000000000142,0.0,0.6466666666667342,27.6,2,Rapid Change Zone,0
2023-02-02 02:00:00-03:00,25.8,90.3,-1.0,3.3999999999999915,0.45344444444453025,27.23,2,Rapid Change Zone,0
2023-02-02 03:00:00-03:00,24.2,97.0,-1.6000000000000014,6.700000000000003,1.1912222222223265,26.830000000000002,1,Humid Region,0
2023-02-02 04:00:00-03:00,23.8,98.4,-0.3999999999999986,1.4000000000000057,1.9582222222223433,26.440000000000005,1,Humid Region,0
2023-02-02 05:00:00-03:00,23.8,98.6,0.0,0.19999999999998863,2.3872222222223596,26.05,1,Humid Region,0
2023-02-02 06:00:00-03:00,25.7,93.5,1.8999999999999986,-5.099999999999994,2.093777777777922,25.860000000000003,1,Humid Region,0
2023-02-02 07:00:00-03:00,28.5,82.3,2.8000000000000007,-11.200000000000003,2.591222222222363,25.97,0,Stable Weather,0
2023-02-02 08:00:00-03:00,30.5,72.0,2.0,-10.299999999999997,4.561000000000129,26.29,0,Stable Weather,0
2023-02-02 09:00:00-03:00,30.4,72.1,-0.10000000000000142,0.09999999999999432,6.244000000000117,26.619999999999997,0,Stable Weather,0
2023-02-02 10:00:00-03:00,30.6,72.2,0.20000000000000284,0.10000000000000853,7.834333333333437,27.01,0,Stable Weather,0
2023-02-02 11:00:00-03:00,30.9,70.2,0.29999999999999716,-2.0,9.32400000000009,27.419999999999998,0,Stable Weather,0
2023-02-02 12:00:00-03:00,31.0,71.2,0.10000000000000142,1.0,10.15600000000007,27.940000000000005,0,Stable Weather,0
2023-02-02 13:00:00-03:00,31.2,68.7,0.1999999999999993,-2.5,9.238222222222264,28.639999999999997,0,Stable Weather,0
2023-02-02 14:00:00-03:00,30.1,74.7,-1.0999999999999979,6.0,6.43122222222224,29.27,2,Rapid Change Zone,0
2023-02-02 15:00:00-03:00,30.0,74.0,-0.10000000000000142,-0.7000000000000028,2.7387777777777718,29.889999999999997,2,Rapid Change Zone,0
2023-02-02 16:00:00-03:00,28.9,77.5,-1.1000000000000014,3.5,0.7832222222222031,30.209999999999997,2,Rapid Change Zone,0
2023-02-02 17:00:00-03:00,28.2,79.3,-0.6999999999999993,1.7999999999999972,0.9062222222222043,30.179999999999996,2,Rapid Change Zone,0
2023-02-02 18:00:00-03:00,27.8,80.8,-0.3999999999999986,1.5,1.4432222222222144,29.909999999999997,2,Rapid Change Zone,0
2023-02-02 19:00:00-03:00,27.6,81.2,-0.1999999999999993,0.4000000000000057,1.922333333333336,29.630000000000003,2,Rapid Change Zone,0
2023-02-02 20:00:00-03:00,27.6,81.1,0.0,-0.10000000000000853,2.175666666666679,29.329999999999995,2,Rapid Change Zone,0
2023-02-02 21:00:00-03:00,27.4,82.3,-0.20000000000000284,1.2000000000000028,2.179555555555581,28.98,2,Rapid Change Zone,0
2023-02-02 22:00:00-03:00,27.4,82.4,0.0,0.10000000000000853,1.859555555555592,28.619999999999997,2,Rapid Change Zone,0
2023-02-02 23:00:00-03:00,27.2,81.6,-0.1999999999999993,-0.8000000000000114,1.1662222222222696,28.22,2,Rapid Change Zone,0
2023-02-03 00:00:00-03:00,27.1,81.5,-0.09999999999999787,-0.09999999999999432,0.8128888888889448,27.919999999999998,2,Rapid Change Zone,0
2023-02-03 01:00:00-03:00,27.0,81.2,-0.10000000000000142,-0.29999999999999716,0.32622222222228936,27.619999999999997,2,Rapid Change Zone,0
2023-02-03 02:00:00-03:00,26.8,81.3,-0.1999999999999993,0.09999999999999432,0.16988888888896517,27.410000000000004,2,Rapid Change Zone,0
2023-02-03 03:00:00-03:00,26.8,81.9,0.0,0.6000000000000085,0.12011111111119277,27.27,2,Rapid Change Zone,0
2023-02-03 04:00:00-03:00,26.4,82.3,-0.40000000000000213,0.3999999999999915,0.1512222222223093,27.130000000000003,2,Rapid Change Zone,0
2023-02-03 05:00:00-03:00,26.4,83.7,0.0,1.4000000000000057,0.1698888888889805,27.009999999999998,2,Rapid Change Zone,0
2023-02-03 06:00:00-03:00,27.8,80.2,1.4000000000000021,-3.5,0.20011111111120203,27.03,0,Stable Weather,0
2023-02-03 07:00:00-03:00,29.4,73.6,1.5999999999999979,-6.6000000000000085,0.7645555555556395,27.23,0,Stable Weather,0
2023-02-03 08:00:00-03:00,30.2,69.4,0.8000000000000007,-4.199999999999989,1.6543333333334087,27.51,0,Stable Weather,0
2023-02-03 09:00:00-03:00,30.4,69.7,0.1999999999999993,0.29999999999999716,2.4578888888889545,27.830000000000002,0,Stable Weather,0
2023-02-03 10:00:00-03:00,30.6,70.3,0.20000000000000284,0.5999999999999943,3.115111111111167,28.18,0,Stable Weather,0
2023-02-03 11:00:00-03:00,30.8,69.4,0.1999999999999993,-0.8999999999999915,3.56266666666671,28.560000000000002,0,Stable Weather,0
2023-02-03 12:00:00-03:00,31.3,65.3,0.5,-4.1000000000000085,3.827666666666694,29.009999999999998,0,Stable Weather,0
2023-02-03 13:00:00-03:00,31.5,63.2,0.1999999999999993,-2.0999999999999943,3.728444444444454,29.479999999999997,0,Stable Weather,0
2023-02-03 14:00:00-03:00,31.2,65.3,-0.3000000000000007,2.0999999999999943,2.7471111111110997,29.96,2,Rapid Change Zone,0
2023-02-03 15:00:00-03:00,30.5,69.1,-0.6999999999999993,3.799999999999997,1.1845555555555263,30.370000000000005,2,Rapid Change Zone,0
2023-02-03 16:00:00-03:00,29.6,72.4,-0.8999999999999986,3.3000000000000114,0.480555555555519,30.55,2,Rapid Change Zone,0
2023-02-03 17:00:00-03:00,28.3,77.5,-1.3000000000000007,5.099999999999994,0.882666666666634,30.439999999999998,2,Rapid Change Zone,0
2023-02-03 18:00:00-03:00,27.7,80.8,-0.6000000000000014,3.299999999999997,1.6409999999999778,30.189999999999998,2,Rapid Change Zone,0
2023-02-03 19:00:00-03:00,27.6,81.0,-0.09999999999999787,0.20000000000000284,2.294333333333323,29.910000000000004,2,Rapid Change Zone,0
2023-02-03 20:00:00-03:00,27.5,80.3,-0.10000000000000142,-0.7000000000000028,2.7800000000000047,29.6,2,Rapid Change Zone,0
2023-02-03 21:00:00-03:00,27.3,80.8,-0.1999999999999993,0.5,3.0716666666666894,29.25,2,Rapid Change Zone,0
2023-02-03 22:00:00-03:00,27.1,82.7,-0.1999999999999993,1.9000000000000057,2.9223333333333787,28.830000000000002,2,Rapid Change Zone,0
2023-02-03 23:00:00-03:00,27.0,83.5,-0.10000000000000142,0.7999999999999972,2.2773333333334063,28.380000000000003,2,Rapid Change Zone,0
2023-02-04 00:00:00-03:00,26.8,82.8,-0.1999999999999993,-0.7000000000000028,1.4560000000001008,27.940000000000005,2,Rapid Change Zone,0
2023-02-04 01:00:00-03:00,26.6,82.4,-0.1999999999999993,-0.3999999999999915,0.7583333333334588,27.55,2,Rapid Change Zone,0
2023-02-04 02:00:00-03:00,26.0,85.8,-0.6000000000000014,3.3999999999999915,0.41433333333348155,27.189999999999998,2,Rapid Change Zone,0
2023-02-04 03:00:00-03:00,26.3,85.8,0.3000000000000007,0.0,0.321000000000161,26.990000000000002,2,Rapid Change Zone,0
2023-02-04 04:00:00-03:00,26.4,86.2,0.09999999999999787,0.4000000000000057,0.2848888888890586,26.860000000000003,2,Rapid Change Zone,0
2023-02-04 05:00:00-03:00,25.1,90.8,-1.2999999999999972,4.599999999999994,0.49877777777796184,26.610000000000003,1,Humid Region,0
2023-02-04 06:00:00-03:00,26.0,88.6,0.8999999999999986,-2.200000000000003,0.4271111111113042,26.46,1,Humid Region,0
2023-02-04 07:00:00-03:00,28.6,80.2,2.6000000000000014,-8.399999999999991,0.8387777777779641,26.590000000000003,0,Stable Weather,0
2023-02-04 08:00:00-03:00,30.0,74.3,1.3999999999999986,-5.900000000000006,2.0084444444446152,26.880000000000003,0,Stable Weather,0
2023-02-04 09:00:00-03:00,30.6,71.8,0.6000000000000014,-2.5,3.4004444444445974,27.24,0,Stable Weather,0
2023-02-04 10:00:00-03:00,28.3,83.5,-2.3000000000000007,11.700000000000003,3.478777777777923,27.390000000000004,2,Rapid Change Zone,0
2023-02-04 11:00:00-03:00,29.6,80.6,1.3000000000000007,-2.9000000000000057,3.8521111111112396,27.689999999999998,0,Stable Weather,0
2023-02-04 12:00:00-03:00,30.8,73.1,1.1999999999999993,-7.5,4.353444444444545,28.169999999999998,0,Stable Weather,0
2023-02-04 13:00:00-03:00,31.4,69.4,0.5999999999999979,-3.6999999999999886,4.835111111111179,28.68,0,Stable Weather,0
2023-02-04 14:00:00-03:00,31.4,70.1,0.0,0.6999999999999886,4.801777777777812,29.18,0,Stable Weather,0
2023-02-04 15:00:00-03:00,30.6,73.2,-0.7999999999999972,3.1000000000000085,2.840111111111113,29.73,2,Rapid Change Zone,0
2023-02-04 16:00:00-03:00,29.5,77.5,-1.1000000000000014,4.299999999999997,1.1639999999999793,30.080000000000002,2,Rapid Change Zone,0
2023-02-04 17:00:00-03:00,27.8,85.3,-1.6999999999999993,7.799999999999997,1.4911111111110964,30.0,2,Rapid Change Zone,0
2023-02-04 18:00:00-03:00,25.9,96.9,-1.9000000000000021,11.600000000000009,3.1721111111111266,29.589999999999996,2,Rapid Change Zone,0
2023-02-04 19:00:00-03:00,25.1,98.9,-0.7999999999999972,2.0,4.962666666666719,29.040000000000003,1,Humid Region,0
2023-02-04 20:00:00-03:00,24.9,99.0,-0.20000000000000284,0.09999999999999432,6.677777777777854,28.7,1,Humid Region,0
2023-02-04 21:00:00-03:00,24.4,99.0,-0.5,0.0,8.341777777777889,28.179999999999996,1,Humid Region,0
2023-02-04 22:00:00-03:00,24.4,99.0,0.0,0.0,8.711555555555709,27.54,1,Humid Region,0
2023-02-04 23:00:00-03:00,24.4,99.0,0.0,0.0,7.60711111111131,26.839999999999996,1,Humid Region,0
2023-02-05 00:00:00-03:00,24.4,99.0,0.0,0.0,5.413777777778023,26.139999999999997,1,Humid Region,0
2023-02-05 01:00:00-03:00,24.4,99.0,0.0,0.0,3.1128888888891737,25.52,1,Humid Region,0
2023-02-05 02:00:00-03:00,24.4,99.0,0.0,0.0,1.203222222222542,25.009999999999998,1,Humid Region,0
2023-02-05 03:00:00-03:00,24.5,99.0,0.10000000000000142,0.0,0.24622222222256404,24.68,1,Humid Region,0
2023-02-05 04:00:00-03:00,24.5,99.0,0.0,0.0,0.06266666666701876,24.54,1,Humid Region,0
2023-02-05 05:00:00-03:00,24.5,99.0,0.0,0.0,0.024000000000356115,24.48,1,Humid Region,0
2023-02-05 06:00:00-03:00,25.1,99.0,0.6000000000000014,0.0,0.04666666666702172,24.5,1,Humid Region,0
2023-02-05 07:00:00-03:00,26.2,98.4,1.0999999999999979,-0.5999999999999943,0.3306666666670077,24.68,1,Humid Region,0
2023-02-05 08:00:00-03:00,29.7,81.7,3.5,-16.700000000000003,2.809888888889186,25.21,0,Stable Weather,0
2023-02-05 09:00:00-03:00,30.5,77.1,0.8000000000000007,-4.6000000000000085,5.432888888889138,25.82,0,Stable Weather,0
2023-02-05 10:00:00-03:00,30.0,79.1,-0.5,2.0,6.801777777777982,26.380000000000003,0,Stable Weather,0
2023-02-05 11:00:00-03:00,30.5,78.9,0.5,-0.19999999999998863,7.838777777777937,26.99,0,Stable Weather,0
2023-02-05 12:00:00-03:00,30.9,76.8,0.3999999999999986,-2.1000000000000085,8.322666666666777,27.639999999999997,0,Stable Weather,0
2023-02-05 13:00:00-03:00,31.1,75.0,0.20000000000000284,-1.7999999999999972,8.073333333333396,28.3,0,Stable Weather,0
2023-02-05 14:00:00-03:00,30.7,74.5,-0.40000000000000213,-0.5,6.681777777777797,28.919999999999998,0,Stable Weather,0
2023-02-05 15:00:00-03:00,29.6,77.4,-1.0999999999999979,2.9000000000000057,4.27344444444443,29.43,2,Rapid Change Zone,0
2023-02-05 16:00:00-03:00,28.8,81.8,-0.8000000000000007,4.3999999999999915,2.082222222222186,29.8,2,Rapid Change Zone,0
2023-02-05 17:00:00-03:00,28.1,84.8,-0.6999999999999993,3.0,0.9232222222221718,29.99,2,Rapid Change Zone,0
2023-02-05 18:00:00-03:00,27.6,86.6,-0.5,1.7999999999999972,1.4995555555555162,29.78,2,Rapid Change Zone,0
2023-02-05 19:00:00-03:00,27.4,87.6,-0.20000000000000284,1.0,1.9645555555555339,29.47,2,Rapid Change Zone,0
2023-02-05 20:00:00-03:00,27.1,90.1,-0.29999999999999716,2.5,2.463999999999992,29.18,2,Rapid Change Zone,0
2023-02-05 21:00:00-03:00,26.1,95.9,-1.0,5.800000000000011,3.1093333333333444,28.74,2,Rapid Change Zone,0
2023-02-05 22:00:00-03:00,25.2,99.0,-0.9000000000000021,3.0999999999999943,3.6223333333333696,28.170000000000005,1,Humid Region,0
2023-02-05 23:00:00-03:00,24.5,98.9,-0.6999999999999993,-0.09999999999999432,3.6810000000000636,27.51,1,Humid Region,0
2023-02-06 00:00:00-03:00,24.2,99.0,-0.3000000000000007,0.09999999999999432,3.2982222222223134,26.860000000000003,1,Humid Region,0
2023-02-06 01:00:00-03:00,24.2,99.0,0.0,0.0,2.926222222222334,26.32,1,Humid Region,0
2023-02-06 02:00:00-03:00,24.2,99.0,0.0,0.0,2.507111111111242,25.860000000000003,1,Humid Region,0
2023-02-06 03:00:00-03:00,24.1,99.0,-0.09999999999999787,0.0,2.116000000000149,25.46,1,Humid Region,0
2023-02-06 04:00:00-03:00,23.8,99.0,-0.3000000000000007,0.0,1.7528888888890557,25.08,1,Humid Region,0
2023-02-06 05:00:00-03:00,23.1,99.0,-0.6999999999999993,0.0,1.385000000000189,24.65,1,Humid Region,0
2023-02-06 06:00:00-03:00,23.3,99.0,0.1999999999999993,0.0,0.7601111111113195,24.27,1,Humid Region,0
2023-02-06 07:00:00-03:00,23.1,99.0,-0.1999999999999993,0.0,0.44011111111133544,23.97,1,Humid Region,0
2023-02-06 08:00:00-03:00,23.0,99.0,-0.10000000000000142,0.0,0.32277777777801586,23.75,1,Humid Region,0
2023-02-06 09:00:00-03:00,23.1,99.0,0.10000000000000142,0.0,0.2854444444446916,23.610000000000003,1,Humid Region,0
2023-02-06 10:00:00-03:00,23.2,99.0,0.09999999999999787,0.0,0.25433333333358776,23.51,1,Humid Region,0
2023-02-06 11:00:00-03:00,23.1,99.0,-0.09999999999999787,0.0,0.20666666666692915,23.4,1,Humid Region,0
2023-02-06 12:00:00-03:00,23.0,98.9,-0.10000000000000142,-0.09999999999999432,0.13733333333360503,23.28,1,Humid Region,0
2023-02-06 13:00:00-03:00,22.8,99.0,-0.1999999999999993,0.09999999999999432,0.0694444444447254,23.15,1,Humid Region,0
2023-02-06 14:00:00-03:00,24.2,95.2,1.3999999999999986,-3.799999999999997,0.14322222222250003,23.19,1,Humid Region,0
2023-02-06 15:00:00-03:00,25.2,94.1,1.0,-1.1000000000000085,0.5422222222224838,23.4,1,Humid Region,0
2023-02-06 16:00:00-03:00,25.9,93.4,0.6999999999999993,-0.6999999999999886,1.1604444444446846,23.66,1,Humid Region,0
2023-02-06 17:00:00-03:00,25.4,97.2,-0.5,3.799999999999997,1.4032222222224442,23.89,1,Humid Region,0
2023-02-06 18:00:00-03:00,24.3,99.0,-1.0999999999999979,1.7999999999999972,1.3151111111113225,24.020000000000003,1,Humid Region,0
2023-02-06 19:00:00-03:00,23.7,99.0,-0.6000000000000014,0.0,1.2284444444446512,24.080000000000002,1,Humid Region,0
2023-02-06 20:00:00-03:00,23.3,99.0,-0.3999999999999986,0.0,1.2098888888890944,24.09,1,Humid Region,0
2023-02-06 21:00:00-03:00,23.0,99.0,-0.3000000000000007,0.0,1.2328888888890956,24.080000000000002,1,Humid Region,0
2023-02-06 22:00:00-03:00,22.7,99.0,-0.3000000000000007,0.0,1.3138888888890983,24.05,1,Humid Region,0
2023-02-06 23:00:00-03:00,22.4,99.0,-0.3000000000000007,0.0,1.4410000000002137,24.009999999999998,1,Humid Region,0
2023-02-07 00:00:00-03:00,22.2,99.0,-0.1999999999999993,0.0,1.7565555555557877,23.81,1,Humid Region,0
2023-02-07 01:00:00-03:00,22.0,99.0,-0.1999999999999993,0.0,1.792111111111373,23.49,1,Humid Region,0
2023-02-07 02:00:00-03:00,21.6,99.0,-0.3999999999999986,0.0,1.3382222222225237,23.06,1,Humid Region,0
2023-02-07 03:00:00-03:00,21.3,99.0,-0.3000000000000007,0.0,0.8872222222225622,22.65,1,Humid Region,0
2023-02-07 04:00:00-03:00,21.1,99.0,-0.1999999999999993,0.0,0.7378888888892572,22.33,1,Humid Region,0
2023-02-07 05:00:00-03:00,21.1,99.0,0.0,0.0,0.6223333333337254,22.07,1,Humid Region,0
2023-02-07 06:00:00-03:00,22.4,99.0,1.2999999999999972,0.0,0.4573333333337335,21.979999999999997,1,Humid Region,0
2023-02-07 07:00:00-03:00,26.8,88.6,4.400000000000002,-10.400000000000006,2.762666666667032,22.36,0,Stable Weather,0
2023-02-07 08:00:00-03:00,29.2,75.9,2.3999999999999986,-12.699999999999989,7.478777777778082,23.009999999999998,0,Stable Weather,0
2023-02-07 09:00:00-03:00,28.3,79.3,-0.8999999999999986,3.3999999999999915,10.160000000000252,23.6,0,Stable Weather,0
2023-02-07 10:00:00-03:00,29.5,69.7,1.1999999999999993,-9.599999999999994,13.217888888889076,24.330000000000002,0,Stable Weather,0
2023-02-07 11:00:00-03:00,30.0,68.1,0.5,-1.6000000000000085,15.47566666666678,25.130000000000003,0,Stable Weather,0
2023-02-07 12:00:00-03:00,29.8,68.8,-0.1999999999999993,0.7000000000000028,15.767222222222264,25.95,0,Stable Weather,0
2023-02-07 13:00:00-03:00,30.9,63.6,1.0999999999999979,-5.199999999999996,15.063222222222171,26.910000000000004,0,Stable Weather,0
2023-02-07 14:00:00-03:00,30.6,61.6,-0.29999999999999716,-2.0,11.822666666666528,27.860000000000003,0,Stable Weather,0
2023-02-07 15:00:00-03:00,30.0,63.3,-0.6000000000000014,1.6999999999999957,6.3738888888886684,28.75,0,Stable Weather,0
2023-02-07 16:00:00-03:00,28.8,64.6,-1.1999999999999993,1.2999999999999972,1.438777777777495,29.390000000000004,2,Rapid Change Zone,0
2023-02-07 17:00:00-03:00,27.4,67.5,-1.4000000000000021,2.9000000000000057,1.1294444444441578,29.45,2,Rapid Change Zone,0
2023-02-07 18:00:00-03:00,26.6,72.6,-0.7999999999999972,5.099999999999994,1.9498888888886268,29.190000000000005,2,Rapid Change Zone,0
2023-02-07 19:00:00-03:00,26.3,71.8,-0.3000000000000007,-0.7999999999999972,2.7454444444442014,28.99,2,Rapid Change Zone,0
2023-02-07 20:00:00-03:00,24.8,80.2,-1.5,8.400000000000006,4.4217777777775815,28.52,2,Rapid Change Zone,0
2023-02-07 21:00:00-03:00,22.5,91.7,-2.3000000000000007,11.5,7.580111111110991,27.77,1,Humid Region,0
2023-02-07 22:00:00-03:00,21.8,95.3,-0.6999999999999993,3.5999999999999943,10.371222222222181,26.97,1,Humid Region,0
2023-02-07 23:00:00-03:00,21.4,97.5,-0.40000000000000213,2.200000000000003,11.099555555555616,26.02,1,Humid Region,0
2023-02-08 00:00:00-03:00,21.0,98.4,-0.3999999999999986,0.9000000000000057,10.544888888889044,25.06,1,Humid Region,0
2023-02-08 01:00:00-03:00,20.6,99.0,-0.3999999999999986,0.5999999999999943,9.061777777778028,24.12,1,Humid Region,0
2023-02-08 02:00:00-03:00,20.4,99.0,-0.20000000000000284,0.0,7.381777777778116,23.28,1,Humid Region,0
2023-02-08 03:00:00-03:00,20.4,99.0,0.0,0.0,5.872888888889304,22.580000000000002,1,Humid Region,0
2023-02-08 04:00:00-03:00,20.4,99.0,0.0,0.0,4.178222222222703,21.96,1,Humid Region,0
2023-02-08 05:00:00-03:00,20.4,99.0,0.0,0.0,1.9690000000005423,21.369999999999997,1,Humid Region,0
2023-02-08 06:00:00-03:00,23.5,90.4,3.1000000000000014,-8.599999999999994,1.1471111111116672,21.240000000000002,1,Humid Region,0
2023-02-08 07:00:00-03:00,26.9,80.1,3.3999999999999986,-10.300000000000011,4.31511111111162,21.68,0,Stable Weather,0
2023-02-08 08:00:00-03:00,29.1,75.9,2.200000000000003,-4.199999999999989,9.838777777778214,22.41,0,Stable Weather,0
2023-02-08 09:00:00-03:00,29.0,76.2,-0.10000000000000142,0.29999999999999716,13.909000000000354,23.169999999999998,0,Stable Weather,0
2023-02-08 10:00:00-03:00,29.6,74.7,0.6000000000000014,-1.5,17.157888888889154,24.029999999999998,0,Stable Weather,0
2023-02-08 11:00:00-03:00,30.1,73.2,0.5,-1.5,18.941777777777943,24.98,0,Stable Weather,0
2023-02-08 12:00:00-03:00,30.6,71.5,0.5,-1.7000000000000028,18.96444444444451,26.0,0,Stable Weather,0
2023-02-08 13:00:00-03:00,29.4,74.7,-1.2000000000000028,3.200000000000003,15.864444444444413,26.9,0,Stable Weather,0
2023-02-08 14:00:00-03:00,29.3,75.8,-0.09999999999999787,1.0999999999999943,10.929888888888767,27.790000000000003,0,Stable Weather,0
2023-02-08 15:00:00-03:00,29.0,75.6,-0.3000000000000007,-0.20000000000000284,4.202777777777568,28.65,2,Rapid Change Zone,0
2023-02-08 16:00:00-03:00,28.3,76.7,-0.6999999999999993,1.1000000000000085,1.0134444444441872,29.129999999999995,2,Rapid Change Zone,0
2023-02-08 17:00:00-03:00,27.5,78.5,-0.8000000000000007,1.7999999999999972,0.7521111111108476,29.189999999999998,2,Rapid Change Zone,0
2023-02-08 18:00:00-03:00,26.9,80.7,-0.6000000000000014,2.200000000000003,1.2801111111108718,28.97,2,Rapid Change Zone,0
2023-02-08 19:00:00-03:00,26.6,81.9,-0.29999999999999716,1.2000000000000028,1.8401111111108979,28.73,2,Rapid Change Zone,0
2023-02-08 20:00:00-03:00,26.0,85.5,-0.6000000000000014,3.5999999999999943,2.440111111110938,28.369999999999997,2,Rapid Change Zone,0
2023-02-08 22:00:00-03:00,23.6,96.8,-2.3999999999999986,11.299999999999997,4.166222222222121,27.72,1,Humid Region,0
2023-02-08 23:00:00-03:00,23.4,98.2,-0.20000000000000284,1.4000000000000057,4.742222222222206,27.0,1,Humid Region,0
2023-02-09 00:00:00-03:00,23.4,98.8,0.0,0.5999999999999943,5.142222222222276,26.4,1,Humid Region,0
2023-02-09 01:00:00-03:00,23.1,99.0,-0.29999999999999716,0.20000000000000284,4.990666666666791,25.78,1,Humid Region,0
2023-02-09 02:00:00-03:00,22.9,99.0,-0.20000000000000284,0.0,4.346777777777971,25.169999999999998,1,Humid Region,0
2023-02-09 03:00:00-03:00,22.7,99.0,-0.1999999999999993,0.0,3.587666666666925,24.61,1,Humid Region,0
2023-02-09 04:00:00-03:00,22.6,99.0,-0.09999999999999787,0.0,2.8417777777780935,24.119999999999997,1,Humid Region,0
2023-02-09 07:00:00-03:00,27.0,89.7,4.399999999999999,-9.299999999999997,2.9045555555558717,24.130000000000003,0,Stable Weather,0
2023-02-09 08:00:00-03:00,28.4,85.8,1.3999999999999986,-3.9000000000000057,4.216555555555848,24.31,0,Stable Weather,0
2023-02-09 09:00:00-03:00,29.7,81.4,1.3000000000000007,-4.3999999999999915,6.975111111111359,24.68,0,Stable Weather,0
2023-02-09 10:00:00-03:00,28.0,88.0,-1.6999999999999993,6.599999999999994,7.855111111111309,25.119999999999997,2,Rapid Change Zone,0
2023-02-09 11:00:00-03:00,29.6,81.6,1.6000000000000014,-6.400000000000006,9.329333333333462,25.74,0,Stable Weather,0
2023-02-09 12:00:00-03:00,28.5,85.1,-1.1000000000000014,3.5,9.278333333333403,26.25,2,Rapid Change Zone,0
2023-02-09 13:00:00-03:00,24.7,98.6,-3.8000000000000007,13.5,8.414333333333389,26.409999999999997,1,Humid Region,0
2023-02-09 14:00:00-03:00,24.3,99.0,-0.3999999999999986,0.4000000000000057,7.518333333333372,26.55,1,Humid Region,0
2023-02-09 15:00:00-03:00,24.6,99.0,0.3000000000000007,0.0,6.253777777777795,26.74,1,Humid Region,0
2023-02-09 16:00:00-03:00,24.6,99.0,0.0,0.0,4.813777777777774,26.939999999999998,1,Humid Region,0
2023-02-09 17:00:00-03:00,24.3,99.0,-0.3000000000000007,0.0,5.506777777777803,26.669999999999998,1,Humid Region,0
2023-02-09 18:00:00-03:00,24.2,99.0,-0.10000000000000142,0.0,5.656111111111182,26.25,1,Humid Region,0
2023-02-09 19:00:00-03:00,24.0,99.0,-0.1999999999999993,0.0,4.535111111111244,25.68,1,Humid Region,0
2023-02-09 21:00:00-03:00,23.9,99.0,-0.10000000000000142,0.0,4.102333333333512,25.270000000000003,1,Humid Region,0
2023-02-10 00:00:00-03:00,23.8,99.0,-0.09999999999999787,0.0,1.8854444444446854,24.69,1,Humid Region,0
2023-02-10 06:00:00-03:00,25.2,98.5,1.3999999999999986,-0.5,0.18044444444472252,24.36,1,Humid Region,0
2023-02-10 07:00:00-03:00,28.5,83.7,3.3000000000000007,-14.799999999999997,1.9115555555557928,24.740000000000002,0,Stable Weather,0
2023-02-10 09:00:00-03:00,29.9,76.6,1.3999999999999986,-7.1000000000000085,4.500000000000177,25.3,0,Stable Weather,0
2023-02-10 10:00:00-03:00,29.9,76.4,0.0,-0.19999999999998863,6.484555555555676,25.830000000000002,0,Stable Weather,0
2023-02-10 11:00:00-03:00,30.1,75.0,0.20000000000000284,-1.4000000000000057,8.006222222222288,26.380000000000003,0,Stable Weather,0
2023-02-10 12:00:00-03:00,30.4,72.8,0.29999999999999716,-2.200000000000003,8.907666666666671,26.99,0,Stable Weather,0
2023-02-10 13:00:00-03:00,30.3,72.8,-0.09999999999999787,0.0,8.84666666666661,27.6,0,Stable Weather,0
2023-02-10 14:00:00-03:00,30.1,72.7,-0.1999999999999993,-0.09999999999999432,7.6876666666665505,28.21,0,Stable Weather,0
2023-02-10 15:00:00-03:00,30.2,73.0,0.09999999999999787,0.29999999999999716,5.622666666666489,28.840000000000003,0,Stable Weather,0
2023-02-10 16:00:00-03:00,29.5,74.9,-0.6999999999999993,1.9000000000000057,2.4876666666664353,29.410000000000004,2,Rapid Change Zone,0
2023-02-10 17:00:00-03:00,27.8,80.5,-1.6999999999999993,5.599999999999994,0.7312222222219654,29.670000000000005,2,Rapid Change Zone,0
2023-02-11 11:00:00-03:00,30.3,73.5,2.5,-7.0,0.5872222222219476,29.85,0,Stable Weather,0
2023-02-11 12:00:00-03:00,31.2,67.6,0.8999999999999986,-5.900000000000006,0.7706666666663785,29.98,0,Stable Weather,0
2023-02-11 14:00:00-03:00,30.8,69.4,-0.3999999999999986,1.8000000000000114,0.8356666666663694,30.07,2,Rapid Change Zone,0
2023-02-11 15:00:00-03:00,30.2,73.0,-0.6000000000000014,3.5999999999999943,0.8373333333330348,30.080000000000002,2,Rapid Change Zone,0
2023-02-11 18:00:00-03:00,27.0,80.2,-3.1999999999999993,7.200000000000003,1.7515555555552933,29.740000000000002,2,Rapid Change Zone,0
2023-02-11 21:00:00-03:00,26.2,87.6,-0.8000000000000007,7.3999999999999915,2.922333333333115,29.330000000000002,2,Rapid Change Zone,0
2023-02-11 22:00:00-03:00,24.9,92.4,-1.3000000000000007,4.800000000000011,4.736555555555394,28.809999999999995,2,Rapid Change Zone,0
2023-02-11 23:00:00-03:00,23.6,98.1,-1.2999999999999972,5.699999999999989,7.053888888888796,28.15,1,Humid Region,0
2023-02-12 08:00:00-03:00,30.0,77.6,6.399999999999999,-20.5,7.22888888888879,28.2,0,Stable Weather,0
2023-02-12 09:00:00-03:00,30.2,74.8,0.1999999999999993,-2.799999999999997,7.591555555555429,28.439999999999998,0,Stable Weather,0
2023-02-12 11:00:00-03:00,31.2,70.4,1.0,-4.3999999999999915,8.044555555555418,28.53,0,Stable Weather,0
2023-02-12 12:00:00-03:00,31.1,71.1,-0.09999999999999787,0.6999999999999886,7.986222222222086,28.52,0,Stable Weather,0
2023-02-12 14:00:00-03:00,31.2,72.5,0.09999999999999787,1.4000000000000057,8.204888888888746,28.559999999999995,0,Stable Weather,0
2023-02-13 09:00:00-03:00,30.8,73.7,-0.3999999999999986,1.2000000000000028,8.459555555555404,28.619999999999997,0,Stable Weather,0
2023-02-13 10:00:00-03:00,30.6,74.7,-0.1999999999999993,1.0,8.459555555555362,28.98,0,Stable Weather,0
2023-02-13 11:00:00-03:00,30.3,75.1,-0.3000000000000007,0.3999999999999915,7.607666666666424,29.390000000000004,0,Stable Weather,0
2023-02-13 12:00:00-03:00,30.7,72.6,0.3999999999999986,-2.5,5.184555555555241,29.97,0,Stable Weather,0
2023-02-13 13:00:00-03:00,30.0,74.3,-0.6999999999999993,1.7000000000000028,0.220999999999608,30.610000000000003,2,Rapid Change Zone,0
2023-02-13 14:00:00-03:00,30.6,73.5,0.6000000000000014,-0.7999999999999972,0.1756666666662671,30.670000000000005,2,Rapid Change Zone,0
2023-02-13 15:00:00-03:00,30.3,73.8,-0.3000000000000007,0.29999999999999716,0.16622222222182126,30.68,2,Rapid Change Zone,0
2023-02-13 16:00:00-03:00,29.3,77.2,-1.0,3.4000000000000057,0.3076666666662905,30.49,2,Rapid Change Zone,0
2023-02-13 17:00:00-03:00,28.1,81.3,-1.1999999999999993,4.099999999999994,0.8009999999996622,30.190000000000005,2,Rapid Change Zone,0
2023-02-13 18:00:00-03:00,27.4,83.8,-0.7000000000000028,2.5,1.392111111110824,29.810000000000002,2,Rapid Change Zone,0
2023-02-13 20:00:00-03:00,27.2,86.8,-0.1999999999999993,3.0,1.896111111110872,29.45,2,Rapid Change Zone,0
2023-02-13 22:00:00-03:00,27.0,87.3,-0.1999999999999993,0.5,2.272111111110918,29.089999999999996,2,Rapid Change Zone,0
2023-02-13 23:00:00-03:00,26.9,88.5,-0.10000000000000142,1.2000000000000028,2.513888888888739,28.75,2,Rapid Change Zone,0
2023-02-14 05:00:00-03:00,26.8,87.9,-0.09999999999999787,-0.5999999999999943,2.344888888888788,28.360000000000003,2,Rapid Change Zone,0
2023-02-14 06:00:00-03:00,27.4,86.4,0.5999999999999979,-1.5,2.0733333333332657,28.1,2,Rapid Change Zone,0
2023-02-14 07:00:00-03:00,28.8,81.2,1.4000000000000021,-5.200000000000003,1.3973333333332885,27.919999999999998,0,Stable Weather,0
2023-02-14 08:00:00-03:00,29.2,79.4,0.3999999999999986,-1.7999999999999972,0.9365555555555246,27.809999999999995,2,Rapid Change Zone,0
2023-02-14 09:00:00-03:00,30.2,75.5,1.0,-3.9000000000000057,1.315555555555513,27.9,0,Stable Weather,0
2023-02-14 10:00:00-03:00,30.8,73.8,0.6000000000000014,-1.7000000000000028,2.16455555555548,28.169999999999998,0,Stable Weather,0
2023-02-14 11:00:00-03:00,30.7,74.7,-0.10000000000000142,0.9000000000000057,2.6888888888887714,28.5,2,Rapid Change Zone,0
2023-02-14 12:00:00-03:00,30.9,74.0,0.1999999999999993,-0.7000000000000028,2.988999999999836,28.869999999999997,0,Stable Weather,0
2023-02-14 13:00:00-03:00,30.9,74.5,0.0,0.5,2.8893333333331213,29.26,2,Rapid Change Zone,0
2023-02-14 14:00:00-03:00,30.9,74.7,0.0,0.20000000000000284,2.391555555555294,29.659999999999997,2,Rapid Change Zone,0
2023-02-14 15:00:00-03:00,30.6,75.0,-0.29999999999999716,0.29999999999999716,1.4204444444441378,30.04,2,Rapid Change Zone,0
2023-02-14 16:00:00-03:00,29.4,79.2,-1.2000000000000028,4.200000000000003,0.6471111111107787,30.24,2,Rapid Change Zone,0
2023-02-14 17:00:00-03:00,28.4,82.7,-1.0,3.5,0.7911111111107848,30.2,2,Rapid Change Zone,0
2023-02-14 18:00:00-03:00,28.0,85.2,-0.3999999999999986,2.5,1.201777777777466,30.080000000000002,2,Rapid Change Zone,0
2023-02-14 23:00:00-03:00,25.0,99.0,-3.0,13.799999999999997,3.7671111111108626,29.560000000000002,2,Rapid Change Zone,0
2023-02-15 07:00:00-03:00,27.6,89.9,2.6000000000000014,-9.099999999999994,3.909333333333125,29.24,0,Stable Weather,0
2023-02-15 08:00:00-03:00,29.8,81.4,2.1999999999999993,-8.5,3.6983333333331356,29.15,0,Stable Weather,0
2023-02-15 11:00:00-03:00,30.8,77.8,1.0,-3.6000000000000085,3.660444444444249,29.140000000000004,0,Stable Weather,0
2023-02-15 12:00:00-03:00,30.8,76.7,0.0,-1.0999999999999943,3.6223333333331404,29.130000000000003,0,Stable Weather,0
2023-02-15 13:00:00-03:00,30.1,78.0,-0.6999999999999993,1.2999999999999972,3.371666666666484,29.05,2,Rapid Change Zone,0
2023-02-15 14:00:00-03:00,29.8,75.8,-0.3000000000000007,-2.200000000000003,3.1601111111109375,28.97,2,Rapid Change Zone,0
2023-02-15 15:00:00-03:00,29.0,81.8,-0.8000000000000007,6.0,3.1378888888887193,28.93,2,Rapid Change Zone,0
2023-02-15 17:00:00-03:00,28.2,86.9,-0.8000000000000007,5.1000000000000085,3.1654444444442773,28.909999999999997,2,Rapid Change Zone,0
2023-02-15 18:00:00-03:00,28.2,86.4,0.0,-0.5,3.128999999999831,28.929999999999996,2,Rapid Change Zone,0
2023-02-15 20:00:00-03:00,28.1,85.9,-0.09999999999999787,-0.5,1.3826666666664633,29.24,2,Rapid Change Zone,0
2023-02-15 21:00:00-03:00,28.0,86.4,-0.10000000000000142,0.5,1.2528888888886816,29.28,2,Rapid Change Zone,0
2023-02-15 23:00:00-03:00,27.6,88.8,-0.3999999999999986,2.3999999999999915,1.482666666666482,29.060000000000002,2,Rapid Change Zone,0
2023-02-16 02:00:00-03:00,26.3,94.9,-1.3000000000000007,6.1000000000000085,1.76766666666653,28.610000000000003,2,Rapid Change Zone,0
2023-02-16 05:00:00-03:00,25.3,98.8,-1.0,3.8999999999999915,2.115999999999922,28.060000000000002,1,Humid Region,0
2023-02-16 07:00:00-03:00,28.6,83.4,3.3000000000000007,-15.399999999999991,1.6609999999999376,27.909999999999997,0,Stable Weather,0
2023-02-16 10:00:00-03:00,30.9,74.1,2.299999999999997,-9.300000000000011,2.243999999999925,28.02,0,Stable Weather,0
2023-02-16 11:00:00-03:00,31.2,72.9,0.3000000000000007,-1.1999999999999886,3.207111111111014,28.24,0,Stable Weather,0
2023-02-16 12:00:00-03:00,31.0,72.6,-0.1999999999999993,-0.30000000000001137,3.9662222222220973,28.520000000000003,0,Stable Weather,0
2023-02-16 13:00:00-03:00,31.0,73.1,0.0,0.5,4.5511111111109575,28.8,0,Stable Weather,0
2023-02-16 14:00:00-03:00,30.4,75.9,-0.6000000000000014,2.8000000000000114,4.722333333333156,29.03,2,Rapid Change Zone,0
2023-02-16 15:00:00-03:00,29.6,78.8,-0.7999999999999972,2.8999999999999915,4.6121111111109165,29.189999999999998,2,Rapid Change Zone,0
2023-02-16 16:00:00-03:00,28.7,81.4,-0.9000000000000021,2.6000000000000085,4.344444444444239,29.3,2,Rapid Change Zone,0
2023-02-16 17:00:00-03:00,28.2,81.9,-0.5,0.5,3.4387777777775526,29.490000000000002,2,Rapid Change Zone,0
2023-02-16 18:00:00-03:00,28.1,83.2,-0.09999999999999787,1.2999999999999972,1.6156666666664121,29.770000000000003,2,Rapid Change Zone,0
2023-02-16 19:00:00-03:00,27.9,84.0,-0.20000000000000284,0.7999999999999972,1.8466666666664209,29.7,2,Rapid Change Zone,0
2023-02-16 20:00:00-03:00,27.8,85.1,-0.09999999999999787,1.0999999999999943,1.9809999999997874,29.390000000000004,2,Rapid Change Zone,0
2023-02-16 21:00:00-03:00,27.8,85.8,0.0,0.7000000000000028,1.769444444444267,29.05,2,Rapid Change Zone,0
2023-02-16 22:00:00-03:00,27.8,86.0,0.0,0.20000000000000284,1.4067777777776334,28.73,2,Rapid Change Zone,0
2023-02-16 23:00:00-03:00,27.6,86.3,-0.1999999999999993,0.29999999999999716,0.8476666666665577,28.389999999999997,2,Rapid Change Zone,0
2023-02-17 01:00:00-03:00,27.2,86.3,-0.40000000000000213,0.0,0.442333333333258,28.07,2,Rapid Change Zone,0
2023-02-17 02:00:00-03:00,26.8,87.3,-0.3999999999999986,1.0,0.2743333333332862,27.79,2,Rapid Change Zone,0
2023-02-17 03:00:00-03:00,26.1,91.1,-0.6999999999999993,3.799999999999997,0.42455555555553476,27.53,2,Rapid Change Zone,0
2023-02-17 04:00:00-03:00,25.0,95.7,-1.1000000000000014,4.6000000000000085,0.9721111111111242,27.21,1,Humid Region,0
2023-02-17 05:00:00-03:00,24.3,98.7,-0.6999999999999993,3.0,1.6645555555556082,26.830000000000002,1,Humid Region,0
2023-02-17 06:00:00-03:00,24.7,99.0,0.3999999999999986,0.29999999999999716,1.9276666666667543,26.51,1,Humid Region,0
2023-02-17 07:00:00-03:00,27.5,90.3,2.8000000000000007,-8.700000000000003,1.8506666666667573,26.48,0,Stable Weather,0
2023-02-17 08:00:00-03:00,29.0,81.8,1.5,-8.5,2.3466666666667444,26.6,0,Stable Weather,0
2023-02-17 09:00:00-03:00,30.0,77.0,1.0,-4.799999999999997,3.4173333333333886,26.82,0,Stable Weather,0
2023-02-17 10:00:00-03:00,30.0,75.7,0.0,-1.2999999999999972,4.409333333333365,27.060000000000002,0,Stable Weather,0
2023-02-17 11:00:00-03:00,30.4,75.1,0.3999999999999986,-0.6000000000000085,5.532888888888888,27.380000000000003,0,Stable Weather,0
2023-02-17 12:00:00-03:00,30.8,72.5,0.40000000000000213,-2.5999999999999943,6.61733333333329,27.78,0,Stable Weather,0
2023-02-17 13:00:00-03:00,30.8,73.5,0.0,1.0,7.071666666666576,28.25,0,Stable Weather,0
2023-02-17 14:00:00-03:00,30.4,72.4,-0.40000000000000213,-1.0999999999999943,6.087666666666518,28.79,0,Stable Weather,0
2023-02-17 15:00:00-03:00,30.3,71.6,-0.09999999999999787,-0.8000000000000114,3.7009999999997865,29.389999999999997,0,Stable Weather,0
2023-02-17 16:00:00-03:00,29.3,73.8,-1.0,2.200000000000003,1.0227777777775116,29.85,2,Rapid Change Zone,0
2023-02-18 15:00:00-03:00,29.1,75.0,-0.1999999999999993,1.2000000000000028,0.4432222222219375,30.01,2,Rapid Change Zone,0
2023-02-24 10:00:00-03:00,31.0,72.4,1.8999999999999986,-2.5999999999999943,0.3943333333330257,30.21,0,Stable Weather,0
2023-02-24 11:00:00-03:00,31.3,72.8,0.3000000000000007,0.3999999999999915,0.5026666666663441,30.339999999999996,2,Rapid Change Zone,0
2023-02-27 09:00:00-03:00,30.5,75.8,-0.8000000000000007,3.0,0.48988888888856036,30.389999999999997,2,Rapid Change Zone,0
2023-02-27 10:00:00-03:00,30.5,75.3,0.0,-0.5,0.4911111111107813,30.4,2,Rapid Change Zone,0
2023-02-27 11:00:00-03:00,30.5,74.9,0.0,-0.3999999999999915,0.4734444444441183,30.370000000000005,2,Rapid Change Zone,0
2023-02-27 12:00:00-03:00,29.9,78.6,-0.6000000000000014,3.6999999999999886,0.46844444444412997,30.28,2,Rapid Change Zone,0
2023-02-27 13:00:00-03:00,30.6,73.2,0.7000000000000028,-5.3999999999999915,0.477777777777461,30.3,0,Stable Weather,0
2023-02-27 14:00:00-03:00,30.8,71.1,0.1999999999999993,-2.1000000000000085,0.5027777777774546,30.35,2,Rapid Change Zone,0
2023-02-27 15:00:00-03:00,30.3,73.6,-0.5,2.5,0.3694444444441084,30.45,2,Rapid Change Zone,0
2023-02-27 16:00:00-03:00,29.4,77.6,-0.9000000000000021,4.0,0.288444444444105,30.479999999999997,2,Rapid Change Zone,0
2023-02-27 17:00:00-03:00,28.3,80.8,-1.0999999999999979,3.200000000000003,0.7054444444441388,30.209999999999997,2,Rapid Change Zone,0
2023-02-27 18:00:00-03:00,27.7,82.5,-0.6000000000000014,1.7000000000000028,1.129444444444185,29.85,2,Rapid Change Zone,0
2023-02-27 19:00:00-03:00,27.7,83.6,0.0,1.0999999999999943,1.508999999999777,29.57,2,Rapid Change Zone,0
2023-02-27 20:00:00-03:00,27.7,83.9,0.0,0.30000000000001137,1.7143333333331454,29.290000000000003,2,Rapid Change Zone,0
2023-02-27 21:00:00-03:00,27.7,85.5,0.0,1.5999999999999943,1.7454444444442925,29.009999999999998,2,Rapid Change Zone,0
2023-02-27 22:00:00-03:00,27.6,85.3,-0.09999999999999787,-0.20000000000000284,1.819555555555433,28.78,2,Rapid Change Zone,0
2023-02-27 23:00:00-03:00,27.3,86.3,-0.3000000000000007,1.0,1.5738888888888087,28.45,2,Rapid Change Zone,0
2023-02-28 00:00:00-03:00,27.1,84.7,-0.1999999999999993,-1.5999999999999943,1.0106666666666344,28.080000000000002,2,Rapid Change Zone,0
2023-02-28 01:00:00-03:00,26.9,84.6,-0.20000000000000284,-0.10000000000000853,0.48933333333334567,27.74,2,Rapid Change Zone,0
2023-02-28 02:00:00-03:00,26.6,85.1,-0.29999999999999716,0.5,0.24044444444449356,27.46,2,Rapid Change Zone,0
2023-02-28 03:00:00-03:00,26.6,85.2,0.0,0.10000000000000853,0.21211111111118186,27.29,2,Rapid Change Zone,0
2023-02-28 04:00:00-03:00,26.4,86.8,-0.20000000000000284,1.5999999999999943,0.26266666666675514,27.160000000000004,2,Rapid Change Zone,0
2023-02-28 05:00:00-03:00,26.4,88.3,0.0,1.5,0.2756666666667732,27.03,2,Rapid Change Zone,0
2023-02-28 06:00:00-03:00,28.4,81.1,2.0,-7.200000000000003,0.4288888888889855,27.1,0,Stable Weather,0
2023-02-28 07:00:00-03:00,29.5,76.6,1.1000000000000014,-4.5,0.9928888888889609,27.28,0,Stable Weather,0
2023-02-28 08:00:00-03:00,29.9,75.5,0.3999999999999986,-1.0999999999999943,1.6854444444444854,27.51,0,Stable Weather,0
2023-02-28 09:00:00-03:00,28.7,85.1,-1.1999999999999993,9.599999999999994,1.8161111111111334,27.65,2,Rapid Change Zone,0
2023-02-28 10:00:00-03:00,30.0,76.9,1.3000000000000007,-8.199999999999989,2.3026666666666515,27.939999999999998,0,Stable Weather,0
2023-02-28 11:00:00-03:00,30.7,72.9,0.6999999999999993,-4.0,2.8684444444443797,28.32,0,Stable Weather,0
2023-02-28 12:00:00-03:00,31.1,71.3,0.40000000000000213,-1.6000000000000085,3.1734444444443244,28.77,0,Stable Weather,0
2023-02-28 13:00:00-03:00,30.7,72.0,-0.40000000000000213,0.7000000000000028,2.8773333333331625,29.18,2,Rapid Change Zone,0
2023-02-28 14:00:00-03:00,31.0,71.0,0.3000000000000007,-1.0,2.1515555555553263,29.639999999999997,0,Stable Weather,0
2023-02-28 15:00:00-03:00,30.3,73.5,-0.6999999999999993,2.5,0.8645555555552753,30.03,2,Rapid Change Zone,0
2023-02-28 16:00:00-03:00,29.8,74.0,-0.5,0.5,0.5534444444441456,30.170000000000005,2,Rapid Change Zone,0
2023-02-28 17:00:00-03:00,28.4,79.2,-1.4000000000000021,5.200000000000003,0.8382222222219385,30.060000000000002,2,Rapid Change Zone,0
2023-02-28 18:00:00-03:00,28.1,80.9,-0.29999999999999716,1.7000000000000028,1.2262222222219616,29.880000000000003,2,Rapid Change Zone,0
2023-02-28 19:00:00-03:00,28.0,80.0,-0.10000000000000142,-0.9000000000000057,1.4587777777775262,29.810000000000002,2,Rapid Change Zone,0
2023-02-28 20:00:00-03:00,27.6,84.0,-0.3999999999999986,4.0,1.9334444444442243,29.57,2,Rapid Change Zone,0
2023-02-28 21:00:00-03:00,27.5,84.3,-0.10000000000000142,0.29999999999999716,2.1538888888887113,29.25,2,Rapid Change Zone,0
2023-02-28 22:00:00-03:00,27.2,84.6,-0.3000000000000007,0.29999999999999716,2.0715555555554297,28.859999999999996,2,Rapid Change Zone,0
2023-02-28 23:00:00-03:00,27.1,84.5,-0.09999999999999787,-0.09999999999999432,1.8955555555554777,28.5,2,Rapid Change Zone,0
2023-03-01 00:00:00-03:00,26.8,87.7,-0.3000000000000007,3.200000000000003,1.3262222222222002,28.080000000000002,2,Rapid Change Zone,0
2023-03-01 01:00:00-03:00,25.9,92.2,-0.9000000000000021,4.5,1.091555555555592,27.639999999999997,2,Rapid Change Zone,0
2023-03-01 02:00:00-03:00,26.2,89.8,0.3000000000000007,-2.4000000000000057,0.6595555555556396,27.28,1,Humid Region,0
2023-03-01 03:00:00-03:00,25.1,96.0,-1.0999999999999979,6.200000000000003,0.9272222222223478,26.95,1,Humid Region,0
2023-03-01 04:00:00-03:00,25.8,93.2,0.6999999999999993,-2.799999999999997,0.8684444444445978,26.72,1,Humid Region,0
2023-03-01 05:00:00-03:00,26.6,88.8,0.8000000000000007,-4.400000000000006,0.6662222222223929,26.580000000000002,1,Humid Region,0
2023-03-01 06:00:00-03:00,28.0,84.4,1.3999999999999986,-4.3999999999999915,0.7728888888890544,26.619999999999997,0,Stable Weather,0
2023-03-01 07:00:00-03:00,29.0,79.8,1.0,-4.6000000000000085,1.2912222222223702,26.77,0,Stable Weather,0
2023-03-01 08:00:00-03:00,30.1,75.6,1.1000000000000014,-4.200000000000003,2.409333333333448,27.060000000000002,0,Stable Weather,0
2023-03-01 09:00:00-03:00,30.2,74.0,0.09999999999999787,-1.5999999999999943,3.3978888888889665,27.369999999999997,0,Stable Weather,0
2023-03-01 10:00:00-03:00,30.2,75.2,0.0,1.2000000000000028,4.1232222222222585,27.709999999999997,0,Stable Weather,0
2023-03-01 11:00:00-03:00,30.5,74.7,0.3000000000000007,-0.5,4.38899999999998,28.169999999999998,0,Stable Weather,0
2023-03-01 12:00:00-03:00,30.4,75.0,-0.10000000000000142,0.29999999999999716,4.314333333333262,28.589999999999996,0,Stable Weather,0
2023-03-01 13:00:00-03:00,30.8,73.3,0.40000000000000213,-1.7000000000000028,3.142666666666528,29.159999999999997,0,Stable Weather,0
2023-03-01 14:00:00-03:00,30.6,75.2,-0.1999999999999993,1.9000000000000057,1.8626666666664724,29.640000000000004,2,Rapid Change Zone,0
2023-03-01 15:00:00-03:00,29.9,78.0,-0.7000000000000028,2.799999999999997,0.7223333333331003,29.97,2,Rapid Change Zone,0
2023-03-01 16:00:00-03:00,29.3,80.4,-0.5999999999999979,2.4000000000000057,0.32222222222197294,30.1,2,Rapid Change Zone,0
2023-03-01 17:00:00-03:00,27.2,89.2,-2.1000000000000014,8.799999999999997,1.0862222222219953,29.919999999999998,2,Rapid Change Zone,0
2023-03-01 18:00:00-03:00,27.4,86.8,0.1999999999999993,-2.4000000000000057,1.7072222222220295,29.65,2,Rapid Change Zone,0
2023-03-01 19:00:00-03:00,27.6,85.8,0.20000000000000284,-1.0,2.0654444444442825,29.389999999999997,2,Rapid Change Zone,0
2023-03-01 20:00:00-03:00,27.5,87.1,-0.10000000000000142,1.2999999999999972,2.3084444444443153,29.119999999999997,2,Rapid Change Zone,0
2023-03-01 21:00:00-03:00,27.2,88.4,-0.3000000000000007,1.3000000000000114,2.3854444444443548,28.79,2,Rapid Change Zone,0
2023-03-01 22:00:00-03:00,27.2,88.3,0.0,-0.10000000000000853,2.264555555555505,28.470000000000006,2,Rapid Change Zone,0
2023-03-01 23:00:00-03:00,27.2,85.4,0.0,-2.8999999999999915,1.696555555555549,28.110000000000003,2,Rapid Change Zone,0
2023-03-02 00:00:00-03:00,27.1,85.1,-0.09999999999999787,-0.30000000000001137,0.9848888888889249,27.759999999999998,2,Rapid Change Zone,0
2023-03-02 01:00:00-03:00,26.6,86.0,-0.5,0.9000000000000057,0.5045555555556319,27.43,2,Rapid Change Zone,0
2023-03-02 03:00:00-03:00,26.4,86.5,-0.20000000000000284,0.5,0.14044444444455514,27.139999999999997,2,Rapid Change Zone,0
2023-03-02 04:00:00-03:00,26.5,85.6,0.10000000000000142,-0.9000000000000057,0.1801111111112302,27.07,2,Rapid Change Zone,0
2023-03-02 05:00:00-03:00,26.6,85.0,0.10000000000000142,-0.5999999999999943,0.18544444444457286,26.99,2,Rapid Change Zone,0
2023-03-02 07:00:00-03:00,28.8,78.6,2.1999999999999993,-6.400000000000006,0.4921111111112254,27.110000000000003,0,Stable Weather,0
2023-03-02 13:00:00-03:00,30.6,73.5,1.8000000000000007,-5.099999999999994,1.7217777777778553,27.419999999999998,0,Stable Weather,0
2023-03-02 15:00:00-03:00,29.2,78.2,-1.4000000000000021,4.700000000000003,2.0240000000000524,27.619999999999997,2,Rapid Change Zone,0
2023-04-14 14:00:00-03:00,30.4,70.4,1.1999999999999993,-7.799999999999997,2.749333333333346,27.939999999999998,0,Stable Weather,0
2023-04-14 16:00:00-03:00,28.9,78.5,-1.5,8.099999999999994,2.7587777777777696,28.110000000000003,2,Rapid Change Zone,0
2023-04-14 17:00:00-03:00,27.8,80.2,-1.0999999999999979,1.7000000000000028,2.6506666666666505,28.18,2,Rapid Change Zone,0
2023-04-14 18:00:00-03:00,27.6,83.0,-0.1999999999999993,2.799999999999997,2.399555555555528,28.28,2,Rapid Change Zone,0
2023-04-14 19:00:00-03:00,27.6,82.5,0.0,-0.5,2.0422222222221795,28.4,2,Rapid Change Zone,0
2023-04-14 20:00:00-03:00,27.4,84.1,-0.20000000000000284,1.5999999999999943,1.743222222222169,28.490000000000002,2,Rapid Change Zone,0
2023-04-14 21:00:00-03:00,27.1,85.4,-0.29999999999999716,1.3000000000000114,1.5582222222221624,28.54,2,Rapid Change Zone,0
2023-04-14 22:00:00-03:00,27.4,84.4,0.29999999999999716,-1.0,1.6733333333332903,28.4,2,Rapid Change Zone,0
2023-04-14 23:00:00-03:00,27.4,84.5,0.0,0.09999999999999432,1.1328888888888815,28.080000000000002,2,Rapid Change Zone,0
2023-04-15 00:00:00-03:00,27.2,85.6,-0.1999999999999993,1.0999999999999943,1.035111111111127,27.880000000000003,2,Rapid Change Zone,0
2023-04-15 01:00:00-03:00,26.1,90.9,-1.0999999999999979,5.300000000000011,0.47611111111117743,27.45,2,Rapid Change Zone,0
2023-04-15 02:00:00-03:00,24.7,98.6,-1.4000000000000021,7.699999999999989,0.886777777777895,27.03,1,Humid Region,0
2023-04-15 03:00:00-03:00,24.4,99.0,-0.3000000000000007,0.4000000000000057,1.4610000000001584,26.689999999999998,1,Humid Region,0
2023-04-15 04:00:00-03:00,24.2,99.0,-0.1999999999999993,0.0,1.929444444444644,26.35,1,Humid Region,0
2023-04-15 05:00:00-03:00,24.4,99.0,0.1999999999999993,0.0,2.064555555555794,26.03,1,Humid Region,0
2023-04-15 06:00:00-03:00,25.4,99.0,1.0,0.0,1.8556666666669297,25.830000000000002,1,Humid Region,0
2023-04-15 07:00:00-03:00,27.4,93.0,2.0,-6.0,1.949333333333592,25.859999999999996,0,Stable Weather,0
2023-04-15 08:00:00-03:00,29.0,85.8,1.6000000000000014,-7.200000000000003,2.7528888888891294,26.02,0,Stable Weather,0
2023-04-15 09:00:00-03:00,31.4,74.2,2.3999999999999986,-11.599999999999994,5.579555555555749,26.419999999999998,0,Stable Weather,0
2023-04-15 10:00:00-03:00,31.4,72.3,0.0,-1.9000000000000057,8.071555555555701,26.839999999999996,0,Stable Weather,0
2023-04-15 11:00:00-03:00,30.7,74.5,-0.6999999999999993,2.200000000000003,9.431111111111205,27.3,0,Stable Weather,0
2023-04-15 12:00:00-03:00,30.6,73.3,-0.09999999999999787,-1.2000000000000028,9.50322222222225,27.889999999999997,0,Stable Weather,0
2023-04-15 13:00:00-03:00,29.6,78.7,-1.0,5.400000000000006,8.174333333333301,28.410000000000004,2,Rapid Change Zone,0
2023-04-15 14:00:00-03:00,30.7,75.5,1.0999999999999979,-3.200000000000003,6.318222222222111,29.060000000000002,0,Stable Weather,0
2023-04-15 15:00:00-03:00,30.1,76.8,-0.5999999999999979,1.2999999999999972,3.6645555555553764,29.629999999999995,2,Rapid Change Zone,0
2023-04-15 16:00:00-03:00,29.0,80.0,-1.1000000000000014,3.200000000000003,1.5765555555553332,29.99,2,Rapid Change Zone,0
2023-04-15 17:00:00-03:00,27.8,84.4,-1.1999999999999993,4.400000000000006,1.3623333333331047,30.03,2,Rapid Change Zone,0
2023-04-15 18:00:00-03:00,27.5,85.9,-0.3000000000000007,1.5,1.9306666666664556,29.880000000000003,2,Rapid Change Zone,0
2023-04-15 19:00:00-03:00,27.3,86.9,-0.1999999999999993,1.0,2.2267777777776145,29.47,2,Rapid Change Zone,0
2023-04-15 20:00:00-03:00,26.7,91.1,-0.6000000000000014,4.199999999999989,2.4199999999998925,29.0,2,Rapid Change Zone,0
2023-04-15 21:00:00-03:00,26.8,90.8,0.10000000000000142,-0.29999999999999716,2.467666666666605,28.610000000000003,2,Rapid Change Zone,0
2023-04-15 22:00:00-03:00,25.2,97.6,-1.6000000000000014,6.799999999999997,2.9956666666666667,28.07,1,Humid Region,0
2023-04-15 23:00:00-03:00,24.7,99.0,-0.5,1.4000000000000057,3.7306666666667194,27.580000000000002,1,Humid Region,0
2023-04-16 00:00:00-03:00,24.5,99.0,-0.1999999999999993,0.0,3.276000000000121,26.96,1,Humid Region,0
2023-04-16 01:00:00-03:00,24.3,99.0,-0.1999999999999993,0.0,2.592888888889074,26.380000000000003,1,Humid Region,0
2023-04-16 02:00:00-03:00,24.2,99.0,-0.10000000000000142,0.0,2.102222222222463,25.9,1,Humid Region,0
2023-04-16 03:00:00-03:00,24.2,99.0,0.0,0.0,1.8782222222225045,25.54,1,Humid Region,0
2023-04-16 04:00:00-03:00,24.0,99.0,-0.1999999999999993,0.0,1.5787777777781005,25.19,1,Humid Region,0
2023-04-16 05:00:00-03:00,24.5,99.0,0.5,0.0,1.049888888889243,24.91,1,Humid Region,0
2023-04-16 06:00:00-03:00,25.2,98.7,0.6999999999999993,-0.29999999999999716,0.6782222222225931,24.759999999999998,1,Humid Region,0
2023-04-16 07:00:00-03:00,27.4,90.6,2.1999999999999993,-8.100000000000009,0.9862222222225859,24.82,0,Stable Weather,0
2023-04-16 08:00:00-03:00,29.0,83.4,1.6000000000000014,-7.199999999999989,2.7511111111114364,25.2,0,Stable Weather,0
2023-04-16 09:00:00-03:00,30.1,80.5,1.1000000000000014,-2.9000000000000057,5.067111111111384,25.74,0,Stable Weather,0
2023-04-16 10:00:00-03:00,29.8,81.0,-0.3000000000000007,0.5,6.41566666666689,26.27,0,Stable Weather,0
2023-04-16 11:00:00-03:00,29.7,81.5,-0.10000000000000142,0.5,6.967666666666838,26.810000000000002,0,Stable Weather,0
2023-04-16 12:00:00-03:00,28.7,84.1,-1.0,2.5999999999999943,6.382666666666791,27.259999999999998,2,Rapid Change Zone,0
2023-04-16 13:00:00-03:00,29.1,82.3,0.40000000000000213,-1.7999999999999972,5.451666666666738,27.75,0,Stable Weather,0
2023-04-16 14:00:00-03:00,28.9,83.6,-0.20000000000000284,1.2999999999999972,3.7693333333333507,28.24,2,Rapid Change Zone,0
2023-04-16 15:00:00-03:00,28.0,87.1,-0.8999999999999986,3.5,2.0854444444444247,28.589999999999996,2,Rapid Change Zone,0
2023-04-16 16:00:00-03:00,26.9,93.9,-1.1000000000000014,6.800000000000011,1.0937777777777409,28.76,2,Rapid Change Zone,0
2023-04-16 17:00:00-03:00,26.5,93.7,-0.3999999999999986,-0.20000000000000284,1.4467777777777497,28.669999999999998,2,Rapid Change Zone,0
2023-04-16 18:00:00-03:00,26.5,94.9,0.0,1.2000000000000028,1.888444444444443,28.419999999999998,2,Rapid Change Zone,0
2023-04-16 19:00:00-03:00,26.0,94.7,-0.5,-0.20000000000000284,2.03877777777782,28.01,1,Humid Region,0
2023-04-16 20:00:00-03:00,25.1,98.5,-0.8999999999999986,3.799999999999997,2.378222222222313,27.54,1,Humid Region,0
2023-04-16 21:00:00-03:00,24.2,98.6,-0.9000000000000021,0.09999999999999432,2.763222222222373,26.990000000000002,1,Humid Region,0
2023-04-16 22:00:00-03:00,24.2,99.0,0.0,0.4000000000000057,3.078222222222422,26.54,1,Humid Region,0
2023-04-16 23:00:00-03:00,24.4,99.0,0.1999999999999993,0.0,2.613444444444695,26.07,1,Humid Region,0
2023-04-17 00:00:00-03:00,24.2,99.0,-0.1999999999999993,0.0,1.8666666666669696,25.6,1,Humid Region,0
2023-04-17 01:00:00-03:00,24.0,99.0,-0.1999999999999993,0.0,1.3333333333336779,25.2,1,Humid Region,0
2023-04-17 02:00:00-03:00,23.9,99.0,-0.10000000000000142,0.0,1.100000000000376,24.9,1,Humid Region,0
2023-04-17 03:00:00-03:00,23.8,99.0,-0.09999999999999787,0.0,0.8690000000004026,24.630000000000003,1,Humid Region,0
2023-04-17 04:00:00-03:00,23.6,99.0,-0.1999999999999993,0.0,0.5048888888893208,24.34,1,Humid Region,0
2023-04-17 05:00:00-03:00,23.6,99.0,0.0,0.0,0.19555555555601234,24.1,1,Humid Region,0
2023-04-17 06:00:00-03:00,24.8,98.0,1.1999999999999993,-1.0,0.1378888888893487,24.07,1,Humid Region,0
2023-04-17 07:00:00-03:00,27.4,88.4,2.599999999999998,-9.599999999999994,1.2543333333337592,24.39,0,Stable Weather,0
2023-04-17 08:00:00-03:00,29.4,81.5,2.0,-6.900000000000006,3.7387777777781475,24.91,0,Stable Weather,0
2023-04-17 09:00:00-03:00,30.9,74.6,1.5,-6.900000000000006,7.227111111111412,25.56,0,Stable Weather,0
2023-04-17 10:00:00-03:00,31.8,67.6,0.9000000000000021,-7.0,10.706222222222445,26.32,0,Stable Weather,0
2023-04-17 11:00:00-03:00,32.1,65.2,0.3000000000000007,-2.3999999999999915,13.091222222222363,27.130000000000003,0,Stable Weather,0
2023-04-17 12:00:00-03:00,32.0,65.7,-0.10000000000000142,0.5,13.83822222222228,27.940000000000005,0,Stable Weather,0
2023-04-17 13:00:00-03:00,32.1,65.7,0.10000000000000142,0.0,13.091222222222196,28.77,0,Stable Weather,0
2023-04-17 14:00:00-03:00,31.6,69.2,-0.5,3.5,10.300111111111006,29.57,0,Stable Weather,0
2023-04-17 15:00:00-03:00,31.0,71.4,-0.6000000000000014,2.200000000000003,5.958777777777599,30.310000000000002,2,Rapid Change Zone,0
2023-04-17 16:00:00-03:00,29.0,78.8,-2.0,7.3999999999999915,2.5801111111108916,30.73,2,Rapid Change Zone,0
2023-04-17 17:00:00-03:00,28.1,81.0,-0.8999999999999986,2.200000000000003,2.111111111110883,30.8,2,Rapid Change Zone,0
2023-04-17 18:00:00-03:00,27.2,87.8,-0.9000000000000021,6.799999999999997,3.2795555555553495,30.580000000000002,2,Rapid Change Zone,0
2023-04-17 19:00:00-03:00,27.1,90.0,-0.09999999999999787,2.200000000000003,4.453333333333164,30.2,2,Rapid Change Zone,0
2023-04-17 20:00:00-03:00,27.1,88.7,0.0,-1.2999999999999972,4.9912222222221,29.73,2,Rapid Change Zone,0
2023-04-17 21:00:00-03:00,25.4,96.3,-1.7000000000000028,7.599999999999994,5.951555555555503,29.059999999999995,2,Rapid Change Zone,0
2023-04-17 22:00:00-03:00,24.8,98.5,-0.5999999999999979,2.200000000000003,6.431555555555575,28.339999999999996,1,Humid Region,0
2023-04-17 23:00:00-03:00,24.4,99.0,-0.40000000000000213,0.5,5.926777777777876,27.570000000000004,1,Humid Region,0
2023-04-18 00:00:00-03:00,24.5,99.0,0.10000000000000142,0.0,4.609333333333503,26.860000000000003,1,Humid Region,0
2023-04-18 01:00:00-03:00,24.5,99.0,0.0,0.0,2.85433333333357,26.21,1,Humid Region,0
2023-04-18 02:00:00-03:00,24.4,99.0,-0.10000000000000142,0.0,2.1183333333336183,25.75,1,Humid Region,0
2023-04-18 03:00:00-03:00,24.2,99.0,-0.1999999999999993,0.0,1.6026666666669913,25.36,1,Humid Region,0
2023-04-18 04:00:00-03:00,23.9,99.0,-0.3000000000000007,0.0,1.3423333333336915,25.03,1,Humid Region,0
2023-04-18 05:00:00-03:00,23.8,99.0,-0.09999999999999787,0.0,0.913333333333722,24.7,1,Humid Region,0
2023-04-18 06:00:00-03:00,26.3,94.2,2.5,-4.799999999999997,0.5506666666670628,24.619999999999997,1,Humid Region,0
2023-04-18 07:00:00-03:00,29.9,82.2,3.599999999999998,-12.0,3.3556666666670214,25.07,0,Stable Weather,0
2023-04-18 08:00:00-03:00,30.4,79.7,0.5,-2.5,6.155666666666971,25.630000000000003,0,Stable Weather,0
2023-04-18 09:00:00-03:00,30.7,76.3,0.3000000000000007,-3.4000000000000057,8.402666666666919,26.26,0,Stable Weather,0
2023-04-18 10:00:00-03:00,30.9,76.3,0.1999999999999993,0.0,9.995555555555752,26.9,0,Stable Weather,0
2023-04-18 11:00:00-03:00,30.8,78.1,-0.09999999999999787,1.7999999999999972,10.604555555555702,27.53,0,Stable Weather,0
2023-04-18 12:00:00-03:00,31.5,74.5,0.6999999999999993,-3.5999999999999943,10.707111111111198,28.24,0,Stable Weather,0
2023-04-18 13:00:00-03:00,31.5,74.0,0.0,-0.5,9.482333333333363,28.97,0,Stable Weather,0
2023-04-18 14:00:00-03:00,31.1,73.9,-0.3999999999999986,-0.09999999999999432,6.554333333333307,29.690000000000005,0,Stable Weather,0
2023-04-18 15:00:00-03:00,30.5,77.6,-0.6000000000000014,3.6999999999999886,2.273777777777704,30.360000000000003,2,Rapid Change Zone,0
2023-04-18 16:00:00-03:00,29.2,82.3,-1.3000000000000007,4.700000000000003,0.4983333333332402,30.65,2,Rapid Change Zone,0
2023-04-18 17:00:00-03:00,28.4,85.0,-0.8000000000000007,2.700000000000003,0.9733333333332502,30.5,2,Rapid Change Zone,0
2023-04-18 18:00:00-03:00,28.1,86.1,-0.29999999999999716,1.0999999999999943,1.5534444444443745,30.27,2,Rapid Change Zone,0
2023-04-18 19:00:00-03:00,27.4,90.3,-0.7000000000000028,4.200000000000003,2.327111111111062,29.939999999999998,2,Rapid Change Zone,0
2023-04-18 20:00:00-03:00,26.3,95.1,-1.0999999999999979,4.799999999999997,3.461777777777757,29.48,2,Rapid Change Zone,0
2023-04-18 21:00:00-03:00,25.5,98.3,-0.8000000000000007,3.200000000000003,4.716111111111123,28.95,1,Humid Region,0
2023-04-18 22:00:00-03:00,25.2,99.0,-0.3000000000000007,0.7000000000000028,5.11511111111116,28.32,1,Humid Region,0
2023-04-18 23:00:00-03:00,24.9,99.0,-0.3000000000000007,0.0,4.8071111111111975,27.660000000000004,1,Humid Region,0
2023-04-19 00:00:00-03:00,24.7,99.0,-0.1999999999999993,0.0,4.010666666666789,27.02,1,Humid Region,0
2023-04-19 01:00:00-03:00,24.4,99.0,-0.3000000000000007,0.0,3.01433333333349,26.409999999999997,1,Humid Region,0
2023-04-19 02:00:00-03:00,24.3,99.0,-0.09999999999999787,0.0,2.377333333333516,25.919999999999998,1,Humid Region,0
2023-04-19 03:00:00-03:00,24.5,99.0,0.1999999999999993,0.0,1.749000000000204,25.529999999999998,1,Humid Region,0
2023-04-19 04:00:00-03:00,24.2,99.0,-0.3000000000000007,0.0,1.042666666666889,25.14,1,Humid Region,0
2023-04-19 05:00:00-03:00,24.1,99.0,-0.09999999999999787,0.0,0.4743333333335726,24.81,1,Humid Region,0
2023-04-19 06:00:00-03:00,26.8,93.3,2.6999999999999993,-5.700000000000003,0.6648888888891253,24.860000000000003,1,Humid Region,0
2023-04-19 07:00:00-03:00,29.9,83.3,3.099999999999998,-10.0,3.2266666666668766,25.3,0,Stable Weather,0
2023-04-19 08:00:00-03:00,31.1,75.9,1.2000000000000028,-7.3999999999999915,6.576555555555735,25.889999999999997,0,Stable Weather,0
2023-04-19 09:00:00-03:00,31.2,75.2,0.09999999999999787,-0.7000000000000028,9.159555555555698,26.52,0,Stable Weather,0
2023-04-19 10:00:00-03:00,32.0,71.4,0.8000000000000007,-3.799999999999997,11.536111111111214,27.25,0,Stable Weather,0
2023-04-19 11:00:00-03:00,32.5,69.3,0.5,-2.1000000000000085,12.96711111111117,28.060000000000002,0,Stable Weather,0
2023-04-19 12:00:00-03:00,32.6,70.4,0.10000000000000142,1.1000000000000085,12.921000000000017,28.889999999999997,0,Stable Weather,1
2023-04-19 13:00:00-03:00,32.7,71.4,0.10000000000000142,1.0,11.645444444444426,29.709999999999997,0,Stable Weather,1
2023-04-19 14:00:00-03:00,32.4,72.6,-0.30000000000000426,1.1999999999999886,8.328999999999938,30.53,0,Stable Weather,0
2023-04-19 15:00:00-03:00,31.6,73.8,-0.7999999999999972,1.2000000000000028,3.2373333333332375,31.28,2,Rapid Change Zone,0
2023-04-19 16:00:00-03:00,29.7,79.7,-1.9000000000000021,5.900000000000006,1.1912222222221123,31.570000000000004,2,Rapid Change Zone,0
2023-04-19 17:00:00-03:00,28.6,84.7,-1.0999999999999979,5.0,1.842666666666562,31.439999999999998,2,Rapid Change Zone,0
2023-04-19 18:00:00-03:00,28.3,86.9,-0.3000000000000007,2.200000000000003,2.8382222222221305,31.160000000000004,2,Rapid Change Zone,0
2023-04-19 19:00:00-03:00,28.1,87.3,-0.1999999999999993,0.3999999999999915,3.77166666666659,30.850000000000005,2,Rapid Change Zone,0
2023-04-19 20:00:00-03:00,28.0,88.6,-0.10000000000000142,1.2999999999999972,4.349444444444387,30.45,2,Rapid Change Zone,0
2023-04-19 21:00:00-03:00,27.3,91.4,-0.6999999999999993,2.8000000000000114,4.684555555555522,29.929999999999996,2,Rapid Change Zone,0
2023-04-19 22:00:00-03:00,26.2,96.6,-1.1000000000000014,5.199999999999989,4.983222222222219,29.290000000000003,2,Rapid Change Zone,0
2023-04-19 23:00:00-03:00,25.8,98.2,-0.3999999999999986,1.6000000000000085,4.515555555555579,28.6,1,Humid Region,0
2023-04-20 00:00:00-03:00,25.6,99.0,-0.1999999999999993,0.7999999999999972,3.3973333333333864,27.919999999999998,1,Humid Region,0
2023-04-20 01:00:00-03:00,25.4,99.0,-0.20000000000000284,0.0,2.1711111111111916,27.3,1,Humid Region,0
2023-04-20 02:00:00-03:00,24.9,99.0,-0.5,0.0,1.9151111111112153,26.82,1,Humid Region,0
2023-04-20 03:00:00-03:00,24.6,99.0,-0.29999999999999716,0.0,1.9328888888890101,26.419999999999998,1,Humid Region,0
2023-04-20 04:00:00-03:00,24.2,99.0,-0.40000000000000213,0.0,1.9010000000001392,26.01,1,Humid Region,0
2023-04-20 05:00:00-03:00,24.2,99.0,0.0,0.0,1.6106666666668223,25.619999999999997,1,Humid Region,0
2023-04-20 06:00:00-03:00,26.2,95.2,2.0,-3.799999999999997,0.9826666666668294,25.44,1,Humid Region,0
2023-04-20 07:00:00-03:00,30.2,82.7,4.0,-12.5,3.022333333333483,25.73,0,Stable Weather,0
2023-04-20 08:00:00-03:00,30.7,78.2,0.5,-4.5,5.517333333333465,26.18,0,Stable Weather,0
2023-04-20 09:00:00-03:00,30.5,76.3,-0.1999999999999993,-1.9000000000000057,7.3294444444445555,26.65,0,Stable Weather,0
2023-04-20 10:00:00-03:00,31.3,73.6,0.8000000000000007,-2.700000000000003,9.248444444444532,27.22,0,Stable Weather,0
2023-04-20 11:00:00-03:00,31.0,74.9,-0.3000000000000007,1.3000000000000114,10.119555555555616,27.78,0,Stable Weather,0
2023-04-20 12:00:00-03:00,31.2,74.8,0.1999999999999993,-0.10000000000000853,10.056555555555583,28.409999999999997,0,Stable Weather,0
2023-04-20 13:00:00-03:00,31.2,75.1,0.0,0.29999999999999716,8.824555555555548,29.070000000000004,0,Stable Weather,0
2023-04-20 14:00:00-03:00,30.6,75.9,-0.5999999999999979,0.8000000000000114,5.99433333333329,29.709999999999997,2,Rapid Change Zone,0
2023-04-20 15:00:00-03:00,30.0,77.7,-0.6000000000000014,1.7999999999999972,2.2565555555554777,30.29,2,Rapid Change Zone,0
2023-04-20 16:00:00-03:00,28.9,79.2,-1.1000000000000014,1.5,0.5315555555554607,30.560000000000002,2,Rapid Change Zone,0
2023-04-20 17:00:00-03:00,28.2,82.4,-0.6999999999999993,3.200000000000003,1.0915555555554732,30.360000000000003,2,Rapid Change Zone,0
2023-04-20 18:00:00-03:00,27.8,84.6,-0.3999999999999986,2.1999999999999886,1.7134444444443804,30.070000000000004,2,Rapid Change Zone,0
2023-04-20 19:00:00-03:00,27.5,85.5,-0.3000000000000007,0.9000000000000057,2.3267777777777328,29.770000000000003,2,Rapid Change Zone,0
2023-04-20 20:00:00-03:00,27.1,87.5,-0.3999999999999986,2.0,2.662777777777757,29.35,2,Rapid Change Zone,0
2023-04-20 21:00:00-03:00,26.4,90.2,-0.7000000000000028,2.700000000000003,3.0921111111111177,28.890000000000004,2,Rapid Change Zone,0
2023-04-20 22:00:00-03:00,24.4,98.0,-2.0,7.799999999999997,4.225444444444491,28.21,1,Humid Region,0
2023-04-20 23:00:00-03:00,24.2,99.0,-0.1999999999999993,1.0,4.474333333333419,27.51,1,Humid Region,0
2023-04-21 00:00:00-03:00,24.1,99.0,-0.09999999999999787,0.0,4.236000000000118,26.860000000000003,1,Humid Region,0
2023-04-21 01:00:00-03:00,24.3,99.0,0.1999999999999993,0.0,3.5076666666668146,26.290000000000003,1,Humid Region,0
2023-04-21 02:00:00-03:00,24.1,99.0,-0.1999999999999993,0.0,3.027666666666842,25.810000000000002,1,Humid Region,0
2023-04-21 03:00:00-03:00,23.7,99.0,-0.40000000000000213,0.0,2.662666666666871,25.360000000000003,1,Humid Region,0
2023-04-21 04:00:00-03:00,23.3,99.0,-0.3999999999999986,0.0,2.2476666666668987,24.91,1,Humid Region,0
2023-04-21 05:00:00-03:00,23.1,99.0,-0.1999999999999993,0.0,1.6512222222224828,24.470000000000002,1,Humid Region,0
2023-04-21 06:00:00-03:00,24.3,99.0,1.1999999999999993,0.0,0.7987777777780569,24.19,1,Humid Region,0
2023-04-21 07:00:00-03:00,28.3,88.6,4.0,-10.400000000000006,2.0928888888891546,24.380000000000003,0,Stable Weather,0
2023-04-21 08:00:00-03:00,29.7,81.6,1.3999999999999986,-7.0,4.925444444444671,24.91,0,Stable Weather,0
2023-04-21 09:00:00-03:00,30.7,74.2,1.0,-7.3999999999999915,8.124888888889066,25.560000000000002,0,Stable Weather,0
2023-04-21 10:00:00-03:00,30.8,73.8,0.10000000000000142,-0.4000000000000057,10.440111111111237,26.23,0,Stable Weather,0
2023-04-21 11:00:00-03:00,31.1,72.7,0.3000000000000007,-1.0999999999999943,12.14766666666674,26.910000000000004,0,Stable Weather,0
2023-04-21 12:00:00-03:00,30.6,74.1,-0.5,1.3999999999999915,12.313777777777805,27.560000000000002,0,Stable Weather,0
2023-04-21 13:00:00-03:00,29.9,77.0,-0.7000000000000028,2.9000000000000057,10.839555555555533,28.18,0,Stable Weather,0
2023-04-21 14:00:00-03:00,30.4,72.4,0.5,-4.599999999999994,8.180999999999923,28.889999999999997,0,Stable Weather,0
2023-04-21 15:00:00-03:00,29.8,76.3,-0.5999999999999979,3.8999999999999915,4.049333333333204,29.560000000000002,2,Rapid Change Zone,0
2023-04-21 16:00:00-03:00,28.6,80.4,-1.1999999999999993,4.1000000000000085,0.8721111111109469,29.990000000000002,2,Rapid Change Zone,0
2023-04-21 17:00:00-03:00,27.8,84.3,-0.8000000000000007,3.8999999999999915,1.0848888888887285,29.939999999999998,2,Rapid Change Zone,0
2023-04-21 18:00:00-03:00,27.2,86.6,-0.6000000000000014,2.299999999999997,1.8432222222220827,29.690000000000005,2,Rapid Change Zone,0
2023-04-21 19:00:00-03:00,27.1,86.3,-0.09999999999999787,-0.29999999999999716,2.3312222222221113,29.330000000000002,2,Rapid Change Zone,0
2023-04-21 20:00:00-03:00,27.3,83.9,0.1999999999999993,-2.3999999999999915,2.412888888888806,28.98,2,Rapid Change Zone,0
2023-04-21 21:00:00-03:00,27.0,84.2,-0.3000000000000007,0.29999999999999716,2.1623333333332813,28.57,2,Rapid Change Zone,0
2023-04-21 22:00:00-03:00,27.0,83.9,0.0,-0.29999999999999716,1.8343333333333096,28.21,2,Rapid Change Zone,0
2023-04-21 23:00:00-03:00,27.0,85.4,0.0,1.5,1.5862222222222218,27.920000000000005,2,Rapid Change Zone,0
2023-04-22 00:00:00-03:00,27.1,83.8,0.10000000000000142,-1.6000000000000085,0.8565555555555802,27.590000000000003,2,Rapid Change Zone,0
2023-04-22 01:00:00-03:00,26.8,84.2,-0.3000000000000007,0.4000000000000057,0.2832222222222678,27.29,2,Rapid Change Zone,0
2023-04-22 02:00:00-03:00,26.8,85.0,0.0,0.7999999999999972,0.08322222222227954,27.110000000000003,2,Rapid Change Zone,0
2023-04-22 03:00:00-03:00,26.7,84.5,-0.10000000000000142,-0.5,0.03555555555562023,27.0,2,Rapid Change Zone,0
2023-04-22 04:00:00-03:00,26.4,84.2,-0.3000000000000007,-0.29999999999999716,0.06400000000007008,26.919999999999998,2,Rapid Change Zone,0
2023-04-22 05:00:00-03:00,26.6,80.9,0.20000000000000284,-3.299999999999997,0.0690000000000733,26.869999999999997,2,Rapid Change Zone,0
2023-04-22 06:00:00-03:00,27.7,76.1,1.0999999999999979,-4.800000000000011,0.12322222222229279,26.910000000000004,0,Stable Weather,0
2023-04-22 07:00:00-03:00,28.6,76.2,0.9000000000000021,0.10000000000000853,0.4112222222222833,27.07,2,Rapid Change Zone,0
2023-04-22 08:00:00-03:00,28.2,81.3,-0.40000000000000213,5.099999999999994,0.5365555555556085,27.189999999999998,2,Rapid Change Zone,0
2023-04-22 09:00:00-03:00,29.9,73.3,1.6999999999999993,-8.0,1.2551111111111444,27.48,0,Stable Weather,0
2023-04-22 10:00:00-03:00,30.2,71.4,0.3000000000000007,-1.8999999999999915,1.954333333333347,27.79,0,Stable Weather,0
2023-04-22 11:00:00-03:00,30.5,71.2,0.3000000000000007,-0.20000000000000284,2.5093333333333243,28.160000000000004,0,Stable Weather,0
2023-04-22 12:00:00-03:00,30.6,71.3,0.10000000000000142,0.09999999999999432,2.8048888888888572,28.54,0,Stable Weather,0
2023-04-22 13:00:00-03:00,30.9,71.2,0.29999999999999716,-0.09999999999999432,2.8515555555554966,28.96,0,Stable Weather,0
2023-04-22 14:00:00-03:00,30.0,75.8,-0.8999999999999986,4.599999999999994,2.0995555555554732,29.320000000000004,2,Rapid Change Zone,0
2023-04-22 15:00:00-03:00,29.0,79.9,-1.0,4.1000000000000085,1.2248888888887919,29.560000000000002,2,Rapid Change Zone,0
2023-04-22 16:00:00-03:00,28.3,81.6,-0.6999999999999993,1.6999999999999886,1.0128888888887877,29.619999999999997,2,Rapid Change Zone,0
2023-04-22 17:00:00-03:00,27.2,87.8,-1.1000000000000014,6.200000000000003,1.5262222222221318,29.479999999999997,2,Rapid Change Zone,0
2023-04-22 18:00:00-03:00,26.8,90.5,-0.3999999999999986,2.700000000000003,2.1204444444443635,29.339999999999996,2,Rapid Change Zone,0
2023-04-22 19:00:00-03:00,25.9,95.8,-0.9000000000000021,5.299999999999997,3.222666666666616,28.940000000000005,2,Rapid Change Zone,0
2023-04-22 20:00:00-03:00,26.3,93.6,0.40000000000000213,-2.200000000000003,3.651666666666644,28.55,1,Humid Region,0
2023-04-22 21:00:00-03:00,27.4,86.2,1.0999999999999979,-7.3999999999999915,3.269333333333334,28.24,0,Stable Weather,0
2023-04-22 22:00:00-03:00,27.5,84.8,0.10000000000000142,-1.4000000000000057,2.6045555555555793,27.93,2,Rapid Change Zone,0
2023-04-22 23:00:00-03:00,27.4,83.6,-0.10000000000000142,-1.2000000000000028,1.5195555555556082,27.580000000000002,2,Rapid Change Zone,0
2023-04-23 00:00:00-03:00,27.3,82.3,-0.09999999999999787,-1.2999999999999972,0.7965555555556305,27.310000000000002,2,Rapid Change Zone,0
2023-04-23 01:00:00-03:00,26.9,83.0,-0.40000000000000213,0.7000000000000028,0.44888888888898115,27.1,2,Rapid Change Zone,0
2023-04-23 02:00:00-03:00,26.3,85.7,-0.5999999999999979,2.700000000000003,0.315555555555664,26.9,2,Rapid Change Zone,0
2023-04-23 03:00:00-03:00,25.9,88.4,-0.40000000000000213,2.700000000000003,0.39788888888900886,26.77,2,Rapid Change Zone,0
2023-04-23 04:00:00-03:00,24.2,96.4,-1.6999999999999993,8.0,1.0565555555556974,26.509999999999998,1,Humid Region,0
2023-04-23 05:00:00-03:00,23.8,98.6,-0.3999999999999986,2.1999999999999886,1.7822222222223805,26.3,1,Humid Region,0
2023-04-23 06:00:00-03:00,25.4,93.4,1.5999999999999979,-5.199999999999989,1.8632222222223878,26.21,1,Humid Region,0
2023-04-23 07:00:00-03:00,27.5,86.1,2.1000000000000014,-7.300000000000011,1.8906666666668315,26.22,0,Stable Weather,0
2023-04-23 08:00:00-03:00,28.2,84.9,0.6999999999999993,-1.1999999999999886,2.1387777777779373,26.29,2,Rapid Change Zone,0
2023-04-23 09:00:00-03:00,29.8,79.2,1.6000000000000014,-5.700000000000003,3.3067777777779184,26.53,0,Stable Weather,0
2023-04-23 10:00:00-03:00,30.1,76.7,0.3000000000000007,-2.5,4.5698888888890075,26.810000000000002,0,Stable Weather,0
2023-04-23 11:00:00-03:00,30.6,74.6,0.5,-2.1000000000000085,6.012888888888976,27.18,0,Stable Weather,0
2023-04-23 12:00:00-03:00,30.4,74.4,-0.20000000000000284,-0.19999999999998863,6.892111111111162,27.589999999999996,0,Stable Weather,0
2023-04-23 13:00:00-03:00,30.3,73.9,-0.09999999999999787,-0.5,7.175666666666678,28.03,0,Stable Weather,0
2023-04-23 14:00:00-03:00,30.3,74.8,0.0,0.8999999999999915,5.704888888888844,28.640000000000004,0,Stable Weather,0
2023-04-23 15:00:00-03:00,29.8,76.7,-0.5,1.9000000000000057,2.851555555555453,29.240000000000002,2,Rapid Change Zone,0
2023-04-23 16:00:00-03:00,28.8,78.0,-1.0,1.2999999999999972,1.106222222222084,29.579999999999995,2,Rapid Change Zone,0
2023-04-23 17:00:00-03:00,27.4,83.2,-1.4000000000000021,5.200000000000003,1.1534444444443075,29.57,2,Rapid Change Zone,0
2023-04-23 18:00:00-03:00,25.8,89.8,-1.5999999999999979,6.599999999999994,2.4601111111109972,29.330000000000002,2,Rapid Change Zone,0
2023-04-23 19:00:00-03:00,25.8,91.8,0.0,2.0,3.64233333333326,28.929999999999996,2,Rapid Change Zone,0
2023-04-23 20:00:00-03:00,25.9,92.5,0.09999999999999787,0.7000000000000028,4.314333333333303,28.51,1,Humid Region,0
2023-04-23 21:00:00-03:00,25.1,95.9,-0.7999999999999972,3.4000000000000057,4.784888888888911,27.959999999999997,1,Humid Region,0
2023-04-23 22:00:00-03:00,25.0,97.0,-0.10000000000000142,1.0999999999999943,4.772888888888968,27.419999999999998,1,Humid Region,0
2023-04-23 23:00:00-03:00,24.5,99.0,-0.5,2.0,4.424888888889024,26.839999999999996,1,Humid Region,0
2023-04-24 00:00:00-03:00,24.2,99.0,-0.3000000000000007,0.0,3.4556666666668585,26.23,1,Humid Region,0
2023-04-24 01:00:00-03:00,24.0,99.0,-0.1999999999999993,0.0,2.2183333333335806,25.65,1,Humid Region,0
2023-04-24 02:00:00-03:00,23.6,99.0,-0.3999999999999986,0.0,1.282333333333632,25.13,1,Humid Region,0
2023-04-24 03:00:00-03:00,23.6,99.0,0.0,0.0,0.8094444444447825,24.75,1,Humid Region,0
2023-04-24 04:00:00-03:00,23.7,99.0,0.09999999999999787,0.0,0.7604444444448046,24.54,1,Humid Region,0
2023-04-24 05:00:00-03:00,23.8,99.0,0.10000000000000142,0.0,0.6004444444448263,24.34,1,Humid Region,0
2023-04-24 06:00:00-03:00,24.5,99.0,0.6999999999999993,0.0,0.3111111111115088,24.2,1,Humid Region,0
2023-04-24 07:00:00-03:00,26.5,93.1,2.0,-5.900000000000006,0.7871111111114931,24.34,1,Humid Region,0
2023-04-24 08:00:00-03:00,27.0,89.9,0.5,-3.1999999999999886,1.4804444444448046,24.54,1,Humid Region,0
2023-04-24 09:00:00-03:00,27.3,90.6,0.3000000000000007,0.6999999999999886,2.239555555555887,24.82,1,Humid Region,0
2023-04-24 10:00:00-03:00,27.7,89.9,0.3999999999999986,-0.6999999999999886,2.9823333333336297,25.17,1,Humid Region,0
2023-04-24 11:00:00-03:00,29.1,83.6,1.4000000000000021,-6.300000000000011,4.257333333333579,25.68,0,Stable Weather,0
2023-04-24 12:00:00-03:00,29.8,80.7,0.6999999999999993,-2.8999999999999915,5.235555555555739,26.3,0,Stable Weather,0
2023-04-24 13:00:00-03:00,29.7,79.6,-0.10000000000000142,-1.1000000000000085,5.296555555555677,26.909999999999997,0,Stable Weather,0
2023-04-24 14:00:00-03:00,30.1,77.0,0.40000000000000213,-2.5999999999999943,4.827222222222277,27.55,0,Stable Weather,0
2023-04-24 15:00:00-03:00,29.5,79.7,-0.6000000000000014,2.700000000000003,3.3262222222222184,28.119999999999997,2,Rapid Change Zone,0
2023-04-24 16:00:00-03:00,27.8,84.5,-1.6999999999999993,4.799999999999997,1.760555555555517,28.45,2,Rapid Change Zone,0
2023-04-24 17:00:00-03:00,27.1,89.0,-0.6999999999999993,4.5,1.5365555555555097,28.51,2,Rapid Change Zone,0
2023-04-24 18:00:00-03:00,26.8,90.2,-0.3000000000000007,1.2000000000000028,1.6076666666666228,28.49,2,Rapid Change Zone,0
2023-04-24 19:00:00-03:00,26.2,93.2,-0.6000000000000014,3.0,2.0195555555555242,28.379999999999995,2,Rapid Change Zone,0
2023-04-24 20:00:00-03:00,25.8,94.6,-0.3999999999999986,1.3999999999999915,2.667666666666655,28.189999999999998,1,Humid Region,0
2023-04-24 21:00:00-03:00,25.1,96.4,-0.6999999999999993,1.8000000000000114,3.4587777777778075,27.79,1,Humid Region,0
2023-04-24 22:00:00-03:00,24.7,97.2,-0.40000000000000213,0.7999999999999972,3.7817777777778616,27.28,1,Humid Region,0
2023-04-24 23:00:00-03:00,24.4,97.6,-0.3000000000000007,0.3999999999999915,3.7405555555556953,26.75,1,Humid Region,0
2023-04-25 00:00:00-03:00,24.0,98.3,-0.3999999999999986,0.7000000000000028,2.9204444444446462,26.139999999999997,1,Humid Region,0
2023-04-25 01:00:00-03:00,23.8,99.0,-0.1999999999999993,0.7000000000000028,1.9134444444447058,25.57,1,Humid Region,0
2023-04-25 02:00:00-03:00,23.7,99.0,-0.10000000000000142,0.0,1.5626666666669697,25.16,1,Humid Region,0
2023-04-25 03:00:00-03:00,23.9,99.0,0.1999999999999993,0.0,1.2071111111114468,24.84,1,Humid Region,0
2023-04-25 04:00:00-03:00,23.8,99.0,-0.09999999999999787,0.0,0.8004444444448101,24.54,1,Humid Region,0
2023-04-25 05:00:00-03:00,23.8,99.0,0.0,0.0,0.4911111111115017,24.3,1,Humid Region,0
2023-04-25 06:00:00-03:00,24.7,98.2,0.8999999999999986,-0.7999999999999972,0.2454444444448462,24.189999999999998,1,Humid Region,0
2023-04-25 07:00:00-03:00,27.0,91.2,2.3000000000000007,-7.0,0.9906666666670476,24.38,0,Stable Weather,0
2023-04-25 08:00:00-03:00,28.7,85.1,1.6999999999999993,-6.1000000000000085,2.875111111111449,24.78,0,Stable Weather,0
2023-04-25 09:00:00-03:00,29.9,81.2,1.1999999999999993,-3.8999999999999915,5.435666666666943,25.330000000000002,0,Stable Weather,0
2023-04-25 10:00:00-03:00,30.2,79.9,0.3000000000000007,-1.2999999999999972,7.447222222222432,25.95,0,Stable Weather,0
2023-04-25 11:00:00-03:00,31.0,75.7,0.8000000000000007,-4.200000000000003,9.191222222222354,26.669999999999998,0,Stable Weather,0
2023-04-25 12:00:00-03:00,31.2,74.6,0.1999999999999993,-1.1000000000000085,9.866222222222273,27.419999999999998,0,Stable Weather,0
2023-04-25 13:00:00-03:00,30.3,74.0,-0.8999999999999986,-0.5999999999999943,8.955999999999982,28.059999999999995,0,Stable Weather,0
2023-04-25 14:00:00-03:00,30.8,74.6,0.5,0.5999999999999943,7.229333333333241,28.759999999999998,0,Stable Weather,0
2023-04-25 15:00:00-03:00,29.5,77.9,-1.3000000000000007,3.3000000000000114,4.195666666666515,29.329999999999995,2,Rapid Change Zone,0
2023-04-25 16:00:00-03:00,28.7,83.0,-0.8000000000000007,5.099999999999994,1.6801111111109155,29.729999999999997,2,Rapid Change Zone,0
2023-04-25 17:00:00-03:00,26.8,92.5,-1.8999999999999986,9.5,1.8054444444442506,29.709999999999997,2,Rapid Change Zone,0
2023-04-25 18:00:00-03:00,26.1,97.5,-0.6999999999999993,5.0,3.064999999999833,29.45,2,Rapid Change Zone,0
2023-04-25 19:00:00-03:00,25.8,98.5,-0.3000000000000007,1.0,4.335999999999878,29.040000000000003,1,Humid Region,0
2023-04-25 20:00:00-03:00,25.8,97.9,0.0,-0.5999999999999943,5.1377777777777025,28.6,1,Humid Region,0
2023-04-25 21:00:00-03:00,25.9,96.4,0.09999999999999787,-1.5,5.018777777777756,28.089999999999996,1,Humid Region,0
2023-04-25 22:00:00-03:00,25.3,98.1,-0.5999999999999979,1.6999999999999886,4.422222222222262,27.5,1,Humid Region,0
2023-04-25 23:00:00-03:00,24.7,99.0,-0.6000000000000014,0.9000000000000057,4.073777777777874,26.939999999999998,1,Humid Region,0
2023-04-26 00:00:00-03:00,24.4,99.0,-0.3000000000000007,0.0,2.680000000000163,26.3,1,Humid Region,0
2023-04-26 01:00:00-03:00,24.1,99.0,-0.29999999999999716,0.0,1.7560000000002187,25.759999999999998,1,Humid Region,0
2023-04-26 02:00:00-03:00,23.5,99.0,-0.6000000000000014,0.0,1.0626666666669413,25.240000000000002,1,Humid Region,0
2023-04-26 03:00:00-03:00,23.7,99.0,0.1999999999999993,0.0,0.9490000000003079,24.93,1,Humid Region,0
2023-04-26 04:00:00-03:00,23.9,99.0,0.1999999999999993,0.0,0.8610000000003315,24.71,1,Humid Region,0
