Data,Temperatura,Humidade,Temp_Change,Humidity_Change,Cluster,Cluster_Name
2023-01-06 20:00:00-03:00,27.0,83.0,-0.1999999999999993,0.4000000000000057,0,Stable Weather
2023-01-06 21:00:00-03:00,27.0,83.0,0.0,0.0,0,Stable Weather
2023-01-06 22:00:00-03:00,26.7,83.9,-0.3000000000000007,0.9000000000000057,0,Stable Weather
2023-01-06 23:00:00-03:00,26.5,85.4,-0.1999999999999993,1.5,1,Humid Region
2023-01-07 00:00:00-03:00,26.4,85.2,-0.10000000000000142,-0.20000000000000284,0,Stable Weather
2023-01-07 01:00:00-03:00,26.1,86.0,-0.29999999999999716,0.7999999999999972,1,Humid Region
2023-01-07 02:00:00-03:00,26.0,86.2,-0.10000000000000142,0.20000000000000284,1,Humid Region
2023-01-07 03:00:00-03:00,25.9,85.5,-0.10000000000000142,-0.7000000000000028,1,Humid Region
2023-01-07 04:00:00-03:00,25.5,87.6,-0.3999999999999986,2.0999999999999943,1,Humid Region
2023-01-07 05:00:00-03:00,25.2,89.7,-0.3000000000000007,2.1000000000000085,1,Humid Region
2023-01-07 06:00:00-03:00,28.1,78.4,2.900000000000002,-11.299999999999997,2,Rapid Change Zone
2023-01-07 07:00:00-03:00,28.4,76.2,0.29999999999999716,-2.200000000000003,0,Stable Weather
2023-01-07 08:00:00-03:00,29.4,70.7,1.0,-5.5,2,Rapid Change Zone
2023-01-07 09:00:00-03:00,30.2,68.2,0.8000000000000007,-2.5,0,Stable Weather
2023-01-07 10:00:00-03:00,30.5,67.4,0.3000000000000007,-0.7999999999999972,0,Stable Weather
2023-01-07 11:00:00-03:00,30.8,66.1,0.3000000000000007,-1.3000000000000114,0,Stable Weather
2023-01-07 12:00:00-03:00,30.7,67.8,-0.10000000000000142,1.7000000000000028,0,Stable Weather
2023-01-07 13:00:00-03:00,30.9,64.9,0.1999999999999993,-2.8999999999999915,0,Stable Weather
2023-01-07 14:00:00-03:00,30.4,67.7,-0.5,2.799999999999997,0,Stable Weather
2023-01-07 15:00:00-03:00,29.8,71.0,-0.5999999999999979,3.299999999999997,0,Stable Weather
2023-01-07 16:00:00-03:00,28.4,75.8,-1.4000000000000021,4.799999999999997,0,Stable Weather
2023-01-07 17:00:00-03:00,27.7,78.8,-0.6999999999999993,3.0,0,Stable Weather
2023-01-07 18:00:00-03:00,27.3,80.6,-0.3999999999999986,1.7999999999999972,0,Stable Weather
2023-01-07 19:00:00-03:00,27.1,80.2,-0.1999999999999993,-0.3999999999999915,0,Stable Weather
2023-01-07 20:00:00-03:00,26.8,80.5,-0.3000000000000007,0.29999999999999716,0,Stable Weather
2023-01-07 21:00:00-03:00,26.8,80.9,0.0,0.4000000000000057,0,Stable Weather
2023-01-07 22:00:00-03:00,26.8,81.2,0.0,0.29999999999999716,0,Stable Weather
2023-01-07 23:00:00-03:00,26.6,81.0,-0.1999999999999993,-0.20000000000000284,0,Stable Weather
2023-01-08 00:00:00-03:00,26.5,82.6,-0.10000000000000142,1.5999999999999943,0,Stable Weather
2023-01-08 01:00:00-03:00,25.7,86.7,-0.8000000000000007,4.1000000000000085,1,Humid Region
2023-01-08 02:00:00-03:00,25.8,87.8,0.10000000000000142,1.0999999999999943,1,Humid Region
2023-01-08 03:00:00-03:00,24.7,92.0,-1.1000000000000014,4.200000000000003,1,Humid Region
2023-01-08 04:00:00-03:00,24.1,93.9,-0.5999999999999979,1.9000000000000057,1,Humid Region
2023-01-08 05:00:00-03:00,24.3,93.5,0.1999999999999993,-0.4000000000000057,1,Humid Region
2023-01-08 06:00:00-03:00,27.3,83.4,3.0,-10.099999999999994,2,Rapid Change Zone
2023-01-08 07:00:00-03:00,29.3,72.4,2.0,-11.0,2,Rapid Change Zone
2023-01-08 08:00:00-03:00,29.8,71.2,0.5,-1.2000000000000028,0,Stable Weather
2023-01-08 09:00:00-03:00,29.4,74.5,-0.40000000000000213,3.299999999999997,0,Stable Weather
2023-01-08 10:00:00-03:00,30.0,71.8,0.6000000000000014,-2.700000000000003,0,Stable Weather
2023-01-08 11:00:00-03:00,29.8,72.5,-0.1999999999999993,0.7000000000000028,0,Stable Weather
2023-01-08 12:00:00-03:00,30.2,70.7,0.3999999999999986,-1.7999999999999972,0,Stable Weather
2023-01-08 13:00:00-03:00,30.0,71.6,-0.1999999999999993,0.8999999999999915,0,Stable Weather
2023-01-08 14:00:00-03:00,29.9,69.7,-0.10000000000000142,-1.8999999999999915,0,Stable Weather
2023-01-08 15:00:00-03:00,29.0,71.8,-0.8999999999999986,2.0999999999999943,0,Stable Weather
2023-01-08 16:00:00-03:00,28.6,74.1,-0.3999999999999986,2.299999999999997,0,Stable Weather
2023-01-08 17:00:00-03:00,27.7,78.7,-0.9000000000000021,4.6000000000000085,0,Stable Weather
2023-01-08 18:00:00-03:00,27.2,80.3,-0.5,1.5999999999999943,0,Stable Weather
2023-01-08 19:00:00-03:00,27.1,81.3,-0.09999999999999787,1.0,0,Stable Weather
2023-01-08 20:00:00-03:00,27.0,81.1,-0.10000000000000142,-0.20000000000000284,0,Stable Weather
2023-01-08 21:00:00-03:00,26.8,83.1,-0.1999999999999993,2.0,0,Stable Weather
2023-01-08 22:00:00-03:00,26.7,83.5,-0.10000000000000142,0.4000000000000057,0,Stable Weather
2023-01-08 23:00:00-03:00,26.4,85.4,-0.3000000000000007,1.9000000000000057,1,Humid Region
2023-01-09 00:00:00-03:00,25.8,88.0,-0.5999999999999979,2.5999999999999943,1,Humid Region
2023-01-09 01:00:00-03:00,24.4,94.1,-1.4000000000000021,6.099999999999994,1,Humid Region
2023-01-09 02:00:00-03:00,23.9,95.8,-0.5,1.7000000000000028,1,Humid Region
2023-01-09 03:00:00-03:00,23.3,97.4,-0.5999999999999979,1.6000000000000085,1,Humid Region
2023-01-09 04:00:00-03:00,23.0,98.0,-0.3000000000000007,0.5999999999999943,1,Humid Region
2023-01-09 05:00:00-03:00,23.0,98.0,0.0,0.0,1,Humid Region
2023-01-09 06:00:00-03:00,25.1,91.4,2.1000000000000014,-6.599999999999994,2,Rapid Change Zone
2023-01-09 07:00:00-03:00,28.8,78.6,3.6999999999999993,-12.800000000000011,2,Rapid Change Zone
2023-01-09 08:00:00-03:00,30.1,72.9,1.3000000000000007,-5.699999999999989,2,Rapid Change Zone
2023-01-09 09:00:00-03:00,30.0,73.4,-0.10000000000000142,0.5,0,Stable Weather
2023-01-09 10:00:00-03:00,30.5,71.4,0.5,-2.0,0,Stable Weather
2023-01-09 11:00:00-03:00,30.4,71.4,-0.10000000000000142,0.0,0,Stable Weather
2023-01-09 12:00:00-03:00,30.2,72.6,-0.1999999999999993,1.1999999999999886,0,Stable Weather
2023-01-09 13:00:00-03:00,30.7,68.4,0.5,-4.199999999999989,0,Stable Weather
2023-01-09 14:00:00-03:00,30.3,69.6,-0.3999999999999986,1.1999999999999886,0,Stable Weather
2023-01-09 15:00:00-03:00,29.9,71.8,-0.40000000000000213,2.200000000000003,0,Stable Weather
2023-01-09 16:00:00-03:00,29.3,73.9,-0.5999999999999979,2.1000000000000085,0,Stable Weather
2023-01-09 17:00:00-03:00,27.8,78.0,-1.5,4.099999999999994,0,Stable Weather
2023-01-09 18:00:00-03:00,27.4,80.2,-0.40000000000000213,2.200000000000003,0,Stable Weather
2023-01-09 19:00:00-03:00,27.3,81.3,-0.09999999999999787,1.0999999999999943,0,Stable Weather
2023-01-09 20:00:00-03:00,27.1,81.6,-0.1999999999999993,0.29999999999999716,0,Stable Weather
2023-01-09 21:00:00-03:00,26.9,82.0,-0.20000000000000284,0.4000000000000057,0,Stable Weather
2023-01-09 22:00:00-03:00,26.8,82.8,-0.09999999999999787,0.7999999999999972,0,Stable Weather
2023-01-09 23:00:00-03:00,26.5,85.2,-0.3000000000000007,2.4000000000000057,1,Humid Region
2023-01-10 00:00:00-03:00,25.8,88.2,-0.6999999999999993,3.0,1,Humid Region
2023-01-10 01:00:00-03:00,25.2,89.6,-0.6000000000000014,1.3999999999999915,1,Humid Region
2023-01-10 02:00:00-03:00,24.0,95.2,-1.1999999999999993,5.6000000000000085,1,Humid Region
2023-01-10 03:00:00-03:00,23.4,96.9,-0.6000000000000014,1.7000000000000028,1,Humid Region
2023-01-10 04:00:00-03:00,23.1,97.8,-0.29999999999999716,0.8999999999999915,1,Humid Region
2023-01-10 05:00:00-03:00,23.3,97.4,0.1999999999999993,-0.3999999999999915,1,Humid Region
2023-01-10 06:00:00-03:00,26.3,86.6,3.0,-10.800000000000011,2,Rapid Change Zone
2023-01-10 07:00:00-03:00,28.9,74.9,2.599999999999998,-11.699999999999989,2,Rapid Change Zone
2023-01-10 08:00:00-03:00,30.2,69.0,1.3000000000000007,-5.900000000000006,2,Rapid Change Zone
2023-01-10 09:00:00-03:00,30.6,67.6,0.40000000000000213,-1.4000000000000057,0,Stable Weather
2023-01-10 10:00:00-03:00,30.9,66.5,0.29999999999999716,-1.0999999999999943,0,Stable Weather
2023-01-10 11:00:00-03:00,30.8,66.5,-0.09999999999999787,0.0,0,Stable Weather
2023-01-10 12:00:00-03:00,31.1,66.9,0.3000000000000007,0.4000000000000057,0,Stable Weather
2023-01-10 13:00:00-03:00,30.8,68.8,-0.3000000000000007,1.8999999999999915,0,Stable Weather
2023-01-10 14:00:00-03:00,30.7,69.1,-0.10000000000000142,0.29999999999999716,0,Stable Weather
2023-01-10 15:00:00-03:00,30.0,71.1,-0.6999999999999993,2.0,0,Stable Weather
2023-01-10 16:00:00-03:00,28.8,76.5,-1.1999999999999993,5.400000000000006,0,Stable Weather
2023-01-10 17:00:00-03:00,27.8,80.6,-1.0,4.099999999999994,0,Stable Weather
2023-01-10 18:00:00-03:00,27.4,82.5,-0.40000000000000213,1.9000000000000057,0,Stable Weather
2023-01-10 19:00:00-03:00,27.3,81.4,-0.09999999999999787,-1.0999999999999943,0,Stable Weather
2023-01-10 20:00:00-03:00,27.1,82.4,-0.1999999999999993,1.0,0,Stable Weather
2023-01-10 21:00:00-03:00,26.8,84.7,-0.3000000000000007,2.299999999999997,0,Stable Weather
2023-01-10 22:00:00-03:00,26.4,86.6,-0.40000000000000213,1.8999999999999915,1,Humid Region
2023-01-10 23:00:00-03:00,26.0,88.0,-0.3999999999999986,1.4000000000000057,1,Humid Region
2023-01-11 00:00:00-03:00,26.2,86.3,0.1999999999999993,-1.7000000000000028,1,Humid Region
2023-01-11 01:00:00-03:00,26.4,85.6,0.1999999999999993,-0.7000000000000028,0,Stable Weather
2023-01-11 02:00:00-03:00,26.4,85.7,0.0,0.10000000000000853,1,Humid Region
2023-01-11 03:00:00-03:00,25.7,87.8,-0.6999999999999993,2.0999999999999943,1,Humid Region
2023-01-11 04:00:00-03:00,24.3,95.6,-1.3999999999999986,7.799999999999997,1,Humid Region
2023-01-11 05:00:00-03:00,23.9,97.3,-0.40000000000000213,1.7000000000000028,1,Humid Region
2023-01-11 06:00:00-03:00,24.1,97.8,0.20000000000000284,0.5,1,Humid Region
2023-01-11 07:00:00-03:00,25.0,94.1,0.8999999999999986,-3.700000000000003,1,Humid Region
2023-01-11 08:00:00-03:00,27.4,85.0,2.3999999999999986,-9.099999999999994,2,Rapid Change Zone
2023-01-11 09:00:00-03:00,29.0,77.0,1.6000000000000014,-8.0,2,Rapid Change Zone
2023-01-11 10:00:00-03:00,29.0,74.8,0.0,-2.200000000000003,0,Stable Weather
2023-01-11 11:00:00-03:00,28.8,74.7,-0.1999999999999993,-0.09999999999999432,0,Stable Weather
2023-01-11 12:00:00-03:00,29.0,73.2,0.1999999999999993,-1.5,0,Stable Weather
2023-01-11 13:00:00-03:00,29.9,70.1,0.8999999999999986,-3.1000000000000085,0,Stable Weather
2023-01-11 14:00:00-03:00,29.7,71.0,-0.1999999999999993,0.9000000000000057,0,Stable Weather
2023-01-11 15:00:00-03:00,29.7,71.5,0.0,0.5,0,Stable Weather
2023-01-11 16:00:00-03:00,28.9,75.3,-0.8000000000000007,3.799999999999997,0,Stable Weather
2023-01-11 17:00:00-03:00,27.6,78.9,-1.2999999999999972,3.6000000000000085,0,Stable Weather
2023-01-11 18:00:00-03:00,27.2,79.6,-0.40000000000000213,0.6999999999999886,0,Stable Weather
2023-01-11 19:00:00-03:00,27.0,80.7,-0.1999999999999993,1.1000000000000085,0,Stable Weather
2023-01-11 20:00:00-03:00,27.1,82.0,0.10000000000000142,1.2999999999999972,0,Stable Weather
2023-01-11 21:00:00-03:00,27.1,80.5,0.0,-1.5,0,Stable Weather
2023-01-11 22:00:00-03:00,27.0,81.5,-0.10000000000000142,1.0,0,Stable Weather
2023-01-11 23:00:00-03:00,25.8,91.6,-1.1999999999999993,10.099999999999994,1,Humid Region
2023-01-12 00:00:00-03:00,26.1,89.7,0.3000000000000007,-1.8999999999999915,1,Humid Region
2023-01-12 01:00:00-03:00,26.2,87.4,0.09999999999999787,-2.299999999999997,1,Humid Region
2023-01-12 02:00:00-03:00,26.1,87.2,-0.09999999999999787,-0.20000000000000284,1,Humid Region
2023-01-12 03:00:00-03:00,26.4,84.3,0.29999999999999716,-2.9000000000000057,0,Stable Weather
2023-01-12 04:00:00-03:00,26.4,83.8,0.0,-0.5,0,Stable Weather
2023-01-12 05:00:00-03:00,26.4,84.0,0.0,0.20000000000000284,0,Stable Weather
2023-01-12 06:00:00-03:00,28.1,78.1,1.7000000000000028,-5.900000000000006,2,Rapid Change Zone
2023-01-12 07:00:00-03:00,28.8,75.1,0.6999999999999993,-3.0,0,Stable Weather
2023-01-12 08:00:00-03:00,28.1,76.9,-0.6999999999999993,1.8000000000000114,0,Stable Weather
2023-01-12 09:00:00-03:00,29.5,73.0,1.3999999999999986,-3.9000000000000057,2,Rapid Change Zone
2023-01-12 10:00:00-03:00,29.6,72.2,0.10000000000000142,-0.7999999999999972,0,Stable Weather
2023-01-12 11:00:00-03:00,30.2,69.6,0.5999999999999979,-2.6000000000000085,0,Stable Weather
2023-01-12 12:00:00-03:00,30.8,68.0,0.6000000000000014,-1.5999999999999943,0,Stable Weather
2023-01-12 13:00:00-03:00,30.2,68.7,-0.6000000000000014,0.7000000000000028,0,Stable Weather
2023-01-12 14:00:00-03:00,30.8,67.5,0.6000000000000014,-1.2000000000000028,0,Stable Weather
2023-01-12 15:00:00-03:00,30.1,70.2,-0.6999999999999993,2.700000000000003,0,Stable Weather
2023-01-12 16:00:00-03:00,29.2,74.1,-0.9000000000000021,3.8999999999999915,0,Stable Weather
2023-01-12 17:00:00-03:00,27.8,78.7,-1.3999999999999986,4.6000000000000085,0,Stable Weather
2023-01-12 18:00:00-03:00,27.2,82.1,-0.6000000000000014,3.3999999999999915,0,Stable Weather
2023-01-12 19:00:00-03:00,27.1,83.0,-0.09999999999999787,0.9000000000000057,0,Stable Weather
2023-01-12 20:00:00-03:00,27.1,83.9,0.0,0.9000000000000057,0,Stable Weather
2023-01-12 21:00:00-03:00,27.1,84.5,0.0,0.5999999999999943,0,Stable Weather
2023-01-12 22:00:00-03:00,27.2,84.6,0.09999999999999787,0.09999999999999432,0,Stable Weather
2023-01-12 23:00:00-03:00,27.2,85.9,0.0,1.3000000000000114,0,Stable Weather
2023-01-13 00:00:00-03:00,26.9,86.2,-0.3000000000000007,0.29999999999999716,0,Stable Weather
2023-01-13 01:00:00-03:00,26.7,86.9,-0.1999999999999993,0.7000000000000028,1,Humid Region
2023-01-13 02:00:00-03:00,26.5,86.6,-0.1999999999999993,-0.30000000000001137,1,Humid Region
2023-01-13 03:00:00-03:00,25.8,90.0,-0.6999999999999993,3.4000000000000057,1,Humid Region
2023-01-13 04:00:00-03:00,24.2,96.5,-1.6000000000000014,6.5,1,Humid Region
2023-01-13 05:00:00-03:00,24.0,98.1,-0.1999999999999993,1.5999999999999943,1,Humid Region
2023-01-13 06:00:00-03:00,26.0,90.9,2.0,-7.199999999999989,2,Rapid Change Zone
2023-01-13 07:00:00-03:00,28.8,80.6,2.8000000000000007,-10.300000000000011,2,Rapid Change Zone
2023-01-13 08:00:00-03:00,29.6,75.6,0.8000000000000007,-5.0,2,Rapid Change Zone
2023-01-13 09:00:00-03:00,30.8,71.3,1.1999999999999993,-4.299999999999997,2,Rapid Change Zone
2023-01-13 10:00:00-03:00,30.6,71.9,-0.1999999999999993,0.6000000000000085,0,Stable Weather
2023-01-13 11:00:00-03:00,30.6,72.5,0.0,0.5999999999999943,0,Stable Weather
2023-01-13 12:00:00-03:00,30.8,71.1,0.1999999999999993,-1.4000000000000057,0,Stable Weather
2023-01-13 13:00:00-03:00,30.8,71.6,0.0,0.5,0,Stable Weather
2023-01-13 14:00:00-03:00,30.3,73.2,-0.5,1.6000000000000085,0,Stable Weather
2023-01-13 15:00:00-03:00,29.9,75.0,-0.40000000000000213,1.7999999999999972,0,Stable Weather
2023-01-13 16:00:00-03:00,28.4,79.7,-1.5,4.700000000000003,0,Stable Weather
2023-01-13 17:00:00-03:00,27.8,82.1,-0.5999999999999979,2.3999999999999915,0,Stable Weather
2023-01-13 18:00:00-03:00,27.6,83.6,-0.1999999999999993,1.5,0,Stable Weather
2023-01-13 19:00:00-03:00,27.3,84.2,-0.3000000000000007,0.6000000000000085,0,Stable Weather
2023-01-13 20:00:00-03:00,27.3,83.4,0.0,-0.7999999999999972,0,Stable Weather
2023-01-13 21:00:00-03:00,27.0,84.3,-0.3000000000000007,0.8999999999999915,0,Stable Weather
2023-01-13 22:00:00-03:00,27.0,84.2,0.0,-0.09999999999999432,0,Stable Weather
2023-01-13 23:00:00-03:00,27.0,84.9,0.0,0.7000000000000028,0,Stable Weather
2023-01-14 00:00:00-03:00,26.9,84.6,-0.10000000000000142,-0.30000000000001137,0,Stable Weather
2023-01-14 01:00:00-03:00,26.9,84.6,0.0,0.0,0,Stable Weather
2023-01-14 02:00:00-03:00,26.7,84.3,-0.1999999999999993,-0.29999999999999716,0,Stable Weather
2023-01-14 03:00:00-03:00,25.2,94.0,-1.5,9.700000000000003,1,Humid Region
2023-01-14 04:00:00-03:00,24.4,98.5,-0.8000000000000007,4.5,1,Humid Region
2023-01-14 05:00:00-03:00,24.8,97.6,0.40000000000000213,-0.9000000000000057,1,Humid Region
2023-01-14 06:00:00-03:00,27.5,84.1,2.6999999999999993,-13.5,2,Rapid Change Zone
2023-01-14 07:00:00-03:00,27.0,88.7,-0.5,4.6000000000000085,1,Humid Region
2023-01-14 08:00:00-03:00,29.3,79.2,2.3000000000000007,-9.5,2,Rapid Change Zone
2023-01-14 09:00:00-03:00,29.2,77.1,-0.10000000000000142,-2.1000000000000085,0,Stable Weather
2023-01-14 10:00:00-03:00,30.0,73.2,0.8000000000000007,-3.8999999999999915,0,Stable Weather
2023-01-14 11:00:00-03:00,30.4,70.9,0.3999999999999986,-2.299999999999997,0,Stable Weather
2023-01-14 12:00:00-03:00,30.4,70.5,0.0,-0.4000000000000057,0,Stable Weather
2023-01-14 13:00:00-03:00,30.5,70.3,0.10000000000000142,-0.20000000000000284,0,Stable Weather
2023-01-14 14:00:00-03:00,30.2,71.0,-0.3000000000000007,0.7000000000000028,0,Stable Weather
2023-01-14 15:00:00-03:00,29.1,74.9,-1.0999999999999979,3.9000000000000057,0,Stable Weather
2023-01-14 16:00:00-03:00,28.4,77.1,-0.7000000000000028,2.1999999999999886,0,Stable Weather
2023-01-14 17:00:00-03:00,27.8,80.2,-0.5999999999999979,3.1000000000000085,0,Stable Weather
2023-01-14 18:00:00-03:00,27.4,81.6,-0.40000000000000213,1.3999999999999915,0,Stable Weather
2023-01-14 19:00:00-03:00,27.1,83.0,-0.29999999999999716,1.4000000000000057,0,Stable Weather
2023-01-14 20:00:00-03:00,27.1,83.7,0.0,0.7000000000000028,0,Stable Weather
2023-01-14 21:00:00-03:00,27.1,81.3,0.0,-2.4000000000000057,0,Stable Weather
2023-01-14 22:00:00-03:00,27.2,81.8,0.09999999999999787,0.5,0,Stable Weather
2023-01-14 23:00:00-03:00,26.9,84.3,-0.3000000000000007,2.5,0,Stable Weather
2023-01-15 00:00:00-03:00,24.4,94.7,-2.5,10.400000000000006,1,Humid Region
2023-01-15 01:00:00-03:00,23.5,98.0,-0.8999999999999986,3.299999999999997,1,Humid Region
2023-01-15 02:00:00-03:00,23.4,98.9,-0.10000000000000142,0.9000000000000057,1,Humid Region
2023-01-15 03:00:00-03:00,23.1,99.0,-0.29999999999999716,0.09999999999999432,1,Humid Region
2023-01-15 04:00:00-03:00,23.1,99.0,0.0,0.0,1,Humid Region
2023-01-15 05:00:00-03:00,23.2,99.0,0.09999999999999787,0.0,1,Humid Region
2023-01-15 06:00:00-03:00,23.3,99.0,0.10000000000000142,0.0,1,Humid Region
2023-01-15 07:00:00-03:00,25.4,91.9,2.099999999999998,-7.099999999999994,2,Rapid Change Zone
2023-01-15 08:00:00-03:00,28.6,80.3,3.200000000000003,-11.600000000000009,2,Rapid Change Zone
2023-01-15 09:00:00-03:00,29.9,71.5,1.2999999999999972,-8.799999999999997,2,Rapid Change Zone
2023-01-15 10:00:00-03:00,30.5,67.4,0.6000000000000014,-4.099999999999994,0,Stable Weather
2023-01-15 11:00:00-03:00,30.9,65.7,0.3999999999999986,-1.7000000000000028,0,Stable Weather
2023-01-15 14:00:00-03:00,29.1,71.7,-1.7999999999999972,6.0,0,Stable Weather
2023-01-15 15:00:00-03:00,29.0,70.8,-0.10000000000000142,-0.9000000000000057,0,Stable Weather
2023-01-15 16:00:00-03:00,29.1,71.4,0.10000000000000142,0.6000000000000085,0,Stable Weather
2023-01-15 17:00:00-03:00,27.0,80.1,-2.1000000000000014,8.699999999999989,0,Stable Weather
2023-01-15 18:00:00-03:00,26.3,84.6,-0.6999999999999993,4.5,1,Humid Region
2023-01-15 19:00:00-03:00,26.2,87.1,-0.10000000000000142,2.5,1,Humid Region
2023-01-15 20:00:00-03:00,26.1,90.1,-0.09999999999999787,3.0,1,Humid Region
2023-01-15 21:00:00-03:00,25.3,93.6,-0.8000000000000007,3.5,1,Humid Region
2023-01-15 22:00:00-03:00,24.4,96.9,-0.9000000000000021,3.3000000000000114,1,Humid Region
2023-01-15 23:00:00-03:00,24.0,98.6,-0.3999999999999986,1.6999999999999886,1,Humid Region
2023-01-16 00:00:00-03:00,23.3,99.0,-0.6999999999999993,0.4000000000000057,1,Humid Region
2023-01-16 01:00:00-03:00,22.9,99.0,-0.40000000000000213,0.0,1,Humid Region
2023-01-16 02:00:00-03:00,22.6,99.0,-0.29999999999999716,0.0,1,Humid Region
2023-01-16 03:00:00-03:00,22.4,99.0,-0.20000000000000284,0.0,1,Humid Region
2023-01-16 04:00:00-03:00,22.4,99.0,0.0,0.0,1,Humid Region
2023-01-16 05:00:00-03:00,23.1,99.0,0.7000000000000028,0.0,1,Humid Region
2023-01-16 06:00:00-03:00,23.7,99.0,0.5999999999999979,0.0,1,Humid Region
2023-01-16 07:00:00-03:00,25.7,93.2,2.0,-5.799999999999997,2,Rapid Change Zone
2023-01-16 08:00:00-03:00,28.5,80.7,2.8000000000000007,-12.5,2,Rapid Change Zone
2023-01-16 09:00:00-03:00,28.7,78.0,0.1999999999999993,-2.700000000000003,0,Stable Weather
2023-01-16 10:00:00-03:00,28.2,78.7,-0.5,0.7000000000000028,0,Stable Weather
2023-01-16 11:00:00-03:00,29.5,73.4,1.3000000000000007,-5.299999999999997,2,Rapid Change Zone
2023-01-16 12:00:00-03:00,29.6,72.7,0.10000000000000142,-0.7000000000000028,0,Stable Weather
2023-01-16 13:00:00-03:00,30.0,70.6,0.3999999999999986,-2.1000000000000085,0,Stable Weather
2023-01-16 14:00:00-03:00,29.7,71.0,-0.3000000000000007,0.4000000000000057,0,Stable Weather
2023-01-16 15:00:00-03:00,28.9,73.4,-0.8000000000000007,2.4000000000000057,0,Stable Weather
2023-01-16 16:00:00-03:00,28.1,76.2,-0.7999999999999972,2.799999999999997,0,Stable Weather
2023-01-16 17:00:00-03:00,27.4,80.2,-0.7000000000000028,4.0,0,Stable Weather
2023-01-16 18:00:00-03:00,27.0,81.9,-0.3999999999999986,1.7000000000000028,0,Stable Weather
2023-01-16 19:00:00-03:00,26.8,82.4,-0.1999999999999993,0.5,0,Stable Weather
2023-01-16 20:00:00-03:00,26.3,85.9,-0.5,3.5,1,Humid Region
2023-01-16 21:00:00-03:00,25.0,93.3,-1.3000000000000007,7.3999999999999915,1,Humid Region
2023-01-16 22:00:00-03:00,25.1,92.4,0.10000000000000142,-0.8999999999999915,1,Humid Region
2023-01-16 23:00:00-03:00,25.2,93.0,0.09999999999999787,0.5999999999999943,1,Humid Region
2023-01-17 00:00:00-03:00,24.3,95.9,-0.8999999999999986,2.9000000000000057,1,Humid Region
2023-01-17 01:00:00-03:00,23.8,97.2,-0.5,1.2999999999999972,1,Humid Region
2023-01-17 02:00:00-03:00,23.5,98.3,-0.3000000000000007,1.0999999999999943,1,Humid Region
2023-01-17 03:00:00-03:00,23.0,99.0,-0.5,0.7000000000000028,1,Humid Region
2023-01-17 04:00:00-03:00,22.8,99.0,-0.1999999999999993,0.0,1,Humid Region
2023-01-17 05:00:00-03:00,23.2,99.0,0.3999999999999986,0.0,1,Humid Region
2023-01-17 06:00:00-03:00,25.9,91.9,2.6999999999999993,-7.099999999999994,2,Rapid Change Zone
2023-01-17 07:00:00-03:00,28.0,84.6,2.1000000000000014,-7.300000000000011,2,Rapid Change Zone
2023-01-17 08:00:00-03:00,28.7,78.9,0.6999999999999993,-5.699999999999989,2,Rapid Change Zone
2023-01-17 09:00:00-03:00,29.7,75.9,1.0,-3.0,0,Stable Weather
2023-01-17 10:00:00-03:00,30.0,75.4,0.3000000000000007,-0.5,0,Stable Weather
2023-01-17 12:00:00-03:00,28.6,78.2,-1.3999999999999986,2.799999999999997,0,Stable Weather
2023-01-17 13:00:00-03:00,29.2,75.1,0.5999999999999979,-3.1000000000000085,0,Stable Weather
2023-01-17 14:00:00-03:00,28.7,75.7,-0.5,0.6000000000000085,0,Stable Weather
2023-01-17 15:00:00-03:00,29.0,76.6,0.3000000000000007,0.8999999999999915,0,Stable Weather
2023-01-17 16:00:00-03:00,28.3,78.8,-0.6999999999999993,2.200000000000003,0,Stable Weather
2023-01-17 17:00:00-03:00,25.8,91.8,-2.5,13.0,1,Humid Region
2023-01-17 18:00:00-03:00,25.6,91.4,-0.1999999999999993,-0.3999999999999915,1,Humid Region
2023-01-17 19:00:00-03:00,24.9,97.1,-0.7000000000000028,5.699999999999989,1,Humid Region
2023-01-17 20:00:00-03:00,24.6,98.6,-0.29999999999999716,1.5,1,Humid Region
2023-01-17 21:00:00-03:00,24.5,97.9,-0.10000000000000142,-0.6999999999999886,1,Humid Region
2023-01-17 22:00:00-03:00,24.2,99.0,-0.3000000000000007,1.0999999999999943,1,Humid Region
2023-01-17 23:00:00-03:00,23.8,99.0,-0.3999999999999986,0.0,1,Humid Region
2023-01-18 00:00:00-03:00,23.9,99.0,0.09999999999999787,0.0,1,Humid Region
2023-01-18 01:00:00-03:00,24.0,99.0,0.10000000000000142,0.0,1,Humid Region
2023-01-18 02:00:00-03:00,23.9,99.0,-0.10000000000000142,0.0,1,Humid Region
2023-01-18 03:00:00-03:00,23.8,99.0,-0.09999999999999787,0.0,1,Humid Region
2023-01-18 04:00:00-03:00,23.6,99.0,-0.1999999999999993,0.0,1,Humid Region
2023-01-18 05:00:00-03:00,23.8,99.0,0.1999999999999993,0.0,1,Humid Region
2023-01-18 06:00:00-03:00,25.7,93.9,1.8999999999999986,-5.099999999999994,2,Rapid Change Zone
2023-01-18 07:00:00-03:00,28.9,79.6,3.1999999999999993,-14.300000000000011,2,Rapid Change Zone
2023-01-18 08:00:00-03:00,29.1,78.7,0.20000000000000284,-0.8999999999999915,0,Stable Weather
2023-01-18 09:00:00-03:00,27.8,87.1,-1.3000000000000007,8.399999999999991,1,Humid Region
2023-01-18 10:00:00-03:00,28.1,83.9,0.3000000000000007,-3.1999999999999886,0,Stable Weather
2023-01-18 11:00:00-03:00,26.8,90.5,-1.3000000000000007,6.599999999999994,1,Humid Region
2023-01-18 12:00:00-03:00,27.2,87.4,0.3999999999999986,-3.0999999999999943,0,Stable Weather
2023-01-18 13:00:00-03:00,27.2,88.8,0.0,1.3999999999999915,1,Humid Region
2023-01-18 14:00:00-03:00,25.2,94.5,-2.0,5.700000000000003,1,Humid Region
2023-01-18 15:00:00-03:00,23.7,98.4,-1.5,3.9000000000000057,1,Humid Region
2023-01-19 11:00:00-03:00,28.9,80.9,5.199999999999999,-17.5,2,Rapid Change Zone
2023-01-19 12:00:00-03:00,28.9,79.8,0.0,-1.1000000000000085,0,Stable Weather
2023-01-19 13:00:00-03:00,29.2,80.2,0.3000000000000007,0.4000000000000057,0,Stable Weather
2023-01-19 14:00:00-03:00,29.6,77.7,0.40000000000000213,-2.5,0,Stable Weather
2023-01-19 15:00:00-03:00,29.1,78.5,-0.5,0.7999999999999972,0,Stable Weather
2023-01-19 16:00:00-03:00,28.6,79.7,-0.5,1.2000000000000028,0,Stable Weather
2023-01-19 17:00:00-03:00,27.4,84.0,-1.2000000000000028,4.299999999999997,0,Stable Weather
2023-01-19 18:00:00-03:00,27.0,85.5,-0.3999999999999986,1.5,0,Stable Weather
2023-01-19 19:00:00-03:00,26.6,87.1,-0.3999999999999986,1.5999999999999943,1,Humid Region
2023-01-19 20:00:00-03:00,26.5,88.9,-0.10000000000000142,1.8000000000000114,1,Humid Region
2023-01-19 21:00:00-03:00,26.7,87.2,0.1999999999999993,-1.7000000000000028,0,Stable Weather
2023-01-19 22:00:00-03:00,25.2,95.1,-1.5,7.8999999999999915,1,Humid Region
2023-01-19 23:00:00-03:00,24.7,95.9,-0.5,0.8000000000000114,1,Humid Region
2023-01-20 00:00:00-03:00,23.5,99.0,-1.1999999999999993,3.0999999999999943,1,Humid Region
2023-01-20 01:00:00-03:00,23.3,99.0,-0.1999999999999993,0.0,1,Humid Region
2023-01-20 02:00:00-03:00,23.0,99.0,-0.3000000000000007,0.0,1,Humid Region
2023-01-20 03:00:00-03:00,22.7,99.0,-0.3000000000000007,0.0,1,Humid Region
2023-01-20 04:00:00-03:00,22.5,99.0,-0.1999999999999993,0.0,1,Humid Region
2023-01-20 05:00:00-03:00,22.8,99.0,0.3000000000000007,0.0,1,Humid Region
2023-01-20 06:00:00-03:00,23.8,98.8,1.0,-0.20000000000000284,1,Humid Region
2023-01-20 07:00:00-03:00,27.0,89.9,3.1999999999999993,-8.899999999999991,2,Rapid Change Zone
2023-01-20 08:00:00-03:00,29.9,72.5,2.8999999999999986,-17.400000000000006,2,Rapid Change Zone
2023-01-20 09:00:00-03:00,30.3,69.3,0.40000000000000213,-3.200000000000003,0,Stable Weather
2023-01-20 10:00:00-03:00,30.4,69.5,0.09999999999999787,0.20000000000000284,0,Stable Weather
2023-01-20 11:00:00-03:00,30.3,69.0,-0.09999999999999787,-0.5,0,Stable Weather
2023-01-20 12:00:00-03:00,30.8,64.3,0.5,-4.700000000000003,0,Stable Weather
2023-01-20 13:00:00-03:00,31.0,64.0,0.1999999999999993,-0.29999999999999716,0,Stable Weather
2023-01-20 14:00:00-03:00,30.5,67.4,-0.5,3.4000000000000057,0,Stable Weather
2023-01-20 15:00:00-03:00,30.3,68.1,-0.1999999999999993,0.6999999999999886,0,Stable Weather
2023-01-20 16:00:00-03:00,29.1,73.5,-1.1999999999999993,5.400000000000006,0,Stable Weather
2023-01-20 17:00:00-03:00,27.5,79.4,-1.6000000000000014,5.900000000000006,0,Stable Weather
2023-01-20 18:00:00-03:00,27.0,80.5,-0.5,1.0999999999999943,0,Stable Weather
2023-01-20 19:00:00-03:00,26.8,81.4,-0.1999999999999993,0.9000000000000057,0,Stable Weather
2023-01-20 20:00:00-03:00,26.6,83.0,-0.1999999999999993,1.5999999999999943,0,Stable Weather
2023-01-20 21:00:00-03:00,26.6,84.1,0.0,1.0999999999999943,0,Stable Weather
2023-01-20 22:00:00-03:00,26.1,85.6,-0.5,1.5,1,Humid Region
2023-01-20 23:00:00-03:00,25.9,87.0,-0.20000000000000284,1.4000000000000057,1,Humid Region
2023-01-21 00:00:00-03:00,24.2,94.4,-1.6999999999999993,7.400000000000006,1,Humid Region
2023-01-21 01:00:00-03:00,23.2,98.1,-1.0,3.6999999999999886,1,Humid Region
2023-01-21 02:00:00-03:00,22.8,99.0,-0.3999999999999986,0.9000000000000057,1,Humid Region
2023-01-21 03:00:00-03:00,22.6,99.0,-0.1999999999999993,0.0,1,Humid Region
2023-01-21 04:00:00-03:00,22.3,99.0,-0.3000000000000007,0.0,1,Humid Region
2023-01-21 05:00:00-03:00,22.2,99.0,-0.10000000000000142,0.0,1,Humid Region
2023-01-21 06:00:00-03:00,24.0,95.3,1.8000000000000007,-3.700000000000003,2,Rapid Change Zone
2023-01-21 07:00:00-03:00,28.0,82.5,4.0,-12.799999999999997,2,Rapid Change Zone
2023-01-21 08:00:00-03:00,29.9,72.8,1.8999999999999986,-9.700000000000003,2,Rapid Change Zone
2023-01-21 09:00:00-03:00,30.3,71.2,0.40000000000000213,-1.5999999999999943,0,Stable Weather
2023-01-21 10:00:00-03:00,30.7,69.4,0.3999999999999986,-1.7999999999999972,0,Stable Weather
2023-01-21 11:00:00-03:00,30.9,69.0,0.1999999999999993,-0.4000000000000057,0,Stable Weather
2023-01-21 12:00:00-03:00,31.0,70.5,0.10000000000000142,1.5,0,Stable Weather
2023-01-21 13:00:00-03:00,30.5,72.6,-0.5,2.0999999999999943,0,Stable Weather
2023-01-21 14:00:00-03:00,30.1,73.1,-0.3999999999999986,0.5,0,Stable Weather
2023-01-21 15:00:00-03:00,30.0,72.0,-0.10000000000000142,-1.0999999999999943,0,Stable Weather
2023-01-21 16:00:00-03:00,29.2,76.1,-0.8000000000000007,4.099999999999994,0,Stable Weather
2023-01-21 17:00:00-03:00,27.8,80.8,-1.3999999999999986,4.700000000000003,0,Stable Weather
2023-01-21 18:00:00-03:00,27.3,81.8,-0.5,1.0,0,Stable Weather
2023-01-21 19:00:00-03:00,27.2,83.2,-0.10000000000000142,1.4000000000000057,0,Stable Weather
2023-01-21 20:00:00-03:00,27.2,84.0,0.0,0.7999999999999972,0,Stable Weather
2023-01-21 21:00:00-03:00,27.2,84.4,0.0,0.4000000000000057,0,Stable Weather
2023-01-21 22:00:00-03:00,27.0,84.3,-0.1999999999999993,-0.10000000000000853,0,Stable Weather
2023-01-21 23:00:00-03:00,26.5,85.8,-0.5,1.5,1,Humid Region
2023-01-22 00:00:00-03:00,25.5,90.8,-1.0,5.0,1,Humid Region
2023-01-22 01:00:00-03:00,23.9,97.2,-1.6000000000000014,6.400000000000006,1,Humid Region
2023-01-22 02:00:00-03:00,23.4,98.8,-0.5,1.5999999999999943,1,Humid Region
2023-01-22 03:00:00-03:00,23.4,99.0,0.0,0.20000000000000284,1,Humid Region
2023-01-22 04:00:00-03:00,23.0,99.0,-0.3999999999999986,0.0,1,Humid Region
2023-01-22 05:00:00-03:00,23.0,99.0,0.0,0.0,1,Humid Region
2023-01-22 06:00:00-03:00,24.7,94.8,1.6999999999999993,-4.200000000000003,2,Rapid Change Zone
2023-01-22 07:00:00-03:00,27.6,84.9,2.900000000000002,-9.899999999999991,2,Rapid Change Zone
2023-01-22 08:00:00-03:00,29.8,74.7,2.1999999999999993,-10.200000000000003,2,Rapid Change Zone
2023-01-22 09:00:00-03:00,30.4,71.3,0.5999999999999979,-3.4000000000000057,0,Stable Weather
2023-01-22 10:00:00-03:00,31.3,69.2,0.9000000000000021,-2.0999999999999943,0,Stable Weather
2023-01-22 11:00:00-03:00,30.5,73.7,-0.8000000000000007,4.5,0,Stable Weather
2023-01-22 12:00:00-03:00,31.0,71.7,0.5,-2.0,0,Stable Weather
2023-01-22 13:00:00-03:00,30.8,73.1,-0.1999999999999993,1.3999999999999915,0,Stable Weather
2023-01-22 14:00:00-03:00,30.4,74.5,-0.40000000000000213,1.4000000000000057,0,Stable Weather
2023-01-22 15:00:00-03:00,30.4,72.8,0.0,-1.7000000000000028,0,Stable Weather
2023-01-22 16:00:00-03:00,29.7,76.6,-0.6999999999999993,3.799999999999997,0,Stable Weather
2023-01-22 17:00:00-03:00,28.2,82.1,-1.5,5.5,0,Stable Weather
2023-01-22 18:00:00-03:00,27.7,84.0,-0.5,1.9000000000000057,0,Stable Weather
2023-01-22 19:00:00-03:00,27.5,85.2,-0.1999999999999993,1.2000000000000028,0,Stable Weather
2023-01-23 09:00:00-03:00,30.9,72.2,3.3999999999999986,-13.0,2,Rapid Change Zone
2023-01-23 10:00:00-03:00,31.0,71.5,0.10000000000000142,-0.7000000000000028,0,Stable Weather
2023-01-23 11:00:00-03:00,31.2,70.7,0.1999999999999993,-0.7999999999999972,0,Stable Weather
2023-01-23 12:00:00-03:00,31.3,71.2,0.10000000000000142,0.5,0,Stable Weather
2023-01-23 13:00:00-03:00,31.2,72.7,-0.10000000000000142,1.5,0,Stable Weather
2023-01-23 14:00:00-03:00,30.0,74.9,-1.1999999999999993,2.200000000000003,0,Stable Weather
2023-01-23 15:00:00-03:00,29.9,75.2,-0.10000000000000142,0.29999999999999716,0,Stable Weather
2023-01-23 16:00:00-03:00,28.7,79.1,-1.1999999999999993,3.8999999999999915,0,Stable Weather
2023-01-23 17:00:00-03:00,28.0,81.3,-0.6999999999999993,2.200000000000003,0,Stable Weather
2023-01-23 18:00:00-03:00,27.6,82.2,-0.3999999999999986,0.9000000000000057,0,Stable Weather
2023-01-23 19:00:00-03:00,27.6,82.8,0.0,0.5999999999999943,0,Stable Weather
2023-01-23 20:00:00-03:00,27.5,82.4,-0.10000000000000142,-0.3999999999999915,0,Stable Weather
2023-01-23 21:00:00-03:00,27.4,83.0,-0.10000000000000142,0.5999999999999943,0,Stable Weather
2023-01-23 22:00:00-03:00,27.2,82.6,-0.1999999999999993,-0.4000000000000057,0,Stable Weather
2023-01-23 23:00:00-03:00,27.3,83.1,0.10000000000000142,0.5,0,Stable Weather
2023-01-24 00:00:00-03:00,27.0,84.7,-0.3000000000000007,1.6000000000000085,0,Stable Weather
2023-01-24 01:00:00-03:00,26.3,88.9,-0.6999999999999993,4.200000000000003,1,Humid Region
2023-01-24 02:00:00-03:00,24.1,97.9,-2.1999999999999993,9.0,1,Humid Region
2023-01-24 03:00:00-03:00,23.7,99.0,-0.40000000000000213,1.0999999999999943,1,Humid Region
2023-01-24 04:00:00-03:00,23.9,99.0,0.1999999999999993,0.0,1,Humid Region
2023-01-24 05:00:00-03:00,24.0,99.0,0.10000000000000142,0.0,1,Humid Region
2023-01-24 06:00:00-03:00,25.2,98.2,1.1999999999999993,-0.7999999999999972,1,Humid Region
2023-01-24 07:00:00-03:00,28.2,83.7,3.0,-14.5,2,Rapid Change Zone
2023-01-24 08:00:00-03:00,30.2,72.2,2.0,-11.5,2,Rapid Change Zone
2023-01-24 11:00:00-03:00,30.6,69.3,0.40000000000000213,-2.9000000000000057,0,Stable Weather
2023-01-24 12:00:00-03:00,30.8,67.7,0.1999999999999993,-1.5999999999999943,0,Stable Weather
2023-01-24 13:00:00-03:00,31.4,64.2,0.5999999999999979,-3.5,0,Stable Weather
2023-01-24 14:00:00-03:00,30.6,70.7,-0.7999999999999972,6.5,0,Stable Weather
2023-01-24 15:00:00-03:00,29.6,73.9,-1.0,3.200000000000003,0,Stable Weather
2023-01-24 16:00:00-03:00,29.2,72.0,-0.40000000000000213,-1.9000000000000057,0,Stable Weather
2023-01-24 17:00:00-03:00,27.9,78.7,-1.3000000000000007,6.700000000000003,0,Stable Weather
2023-01-24 18:00:00-03:00,27.5,80.5,-0.3999999999999986,1.7999999999999972,0,Stable Weather
2023-01-24 19:00:00-03:00,27.4,78.8,-0.10000000000000142,-1.7000000000000028,0,Stable Weather
2023-01-24 20:00:00-03:00,27.3,78.8,-0.09999999999999787,0.0,0,Stable Weather
2023-01-24 21:00:00-03:00,27.0,80.4,-0.3000000000000007,1.6000000000000085,0,Stable Weather
2023-01-24 22:00:00-03:00,26.9,80.6,-0.10000000000000142,0.19999999999998863,0,Stable Weather
2023-01-24 23:00:00-03:00,26.6,81.1,-0.29999999999999716,0.5,0,Stable Weather
2023-01-25 00:00:00-03:00,26.3,82.2,-0.3000000000000007,1.1000000000000085,0,Stable Weather
2023-01-25 01:00:00-03:00,25.8,83.5,-0.5,1.2999999999999972,1,Humid Region
2023-01-25 02:00:00-03:00,25.4,85.2,-0.40000000000000213,1.7000000000000028,1,Humid Region
2023-01-25 03:00:00-03:00,23.5,94.4,-1.8999999999999986,9.200000000000003,1,Humid Region
2023-01-25 04:00:00-03:00,22.7,97.2,-0.8000000000000007,2.799999999999997,1,Humid Region
2023-01-25 05:00:00-03:00,22.5,98.2,-0.1999999999999993,1.0,1,Humid Region
2023-01-25 06:00:00-03:00,25.2,88.5,2.6999999999999993,-9.700000000000003,2,Rapid Change Zone
2023-01-25 07:00:00-03:00,28.1,76.0,2.900000000000002,-12.5,2,Rapid Change Zone
2023-01-25 08:00:00-03:00,28.5,73.2,0.3999999999999986,-2.799999999999997,0,Stable Weather
2023-01-25 09:00:00-03:00,29.8,67.1,1.3000000000000007,-6.1000000000000085,2,Rapid Change Zone
2023-01-25 10:00:00-03:00,30.1,66.3,0.3000000000000007,-0.7999999999999972,0,Stable Weather
2023-01-25 11:00:00-03:00,30.4,64.8,0.29999999999999716,-1.5,0,Stable Weather
2023-01-25 12:00:00-03:00,30.3,65.6,-0.09999999999999787,0.7999999999999972,0,Stable Weather
2023-01-25 13:00:00-03:00,30.5,65.2,0.1999999999999993,-0.3999999999999915,0,Stable Weather
2023-01-25 14:00:00-03:00,30.2,66.0,-0.3000000000000007,0.7999999999999972,0,Stable Weather
2023-01-25 15:00:00-03:00,30.2,64.2,0.0,-1.7999999999999972,0,Stable Weather
2023-01-25 16:00:00-03:00,29.6,68.2,-0.5999999999999979,4.0,0,Stable Weather
2023-01-25 17:00:00-03:00,27.8,73.4,-1.8000000000000007,5.200000000000003,0,Stable Weather
2023-01-25 18:00:00-03:00,27.1,77.6,-0.6999999999999993,4.199999999999989,0,Stable Weather
2023-01-25 19:00:00-03:00,27.0,79.2,-0.10000000000000142,1.6000000000000085,0,Stable Weather
2023-01-25 20:00:00-03:00,26.8,80.1,-0.1999999999999993,0.8999999999999915,0,Stable Weather
2023-01-25 21:00:00-03:00,26.8,80.5,0.0,0.4000000000000057,0,Stable Weather
2023-01-25 22:00:00-03:00,26.7,80.8,-0.10000000000000142,0.29999999999999716,0,Stable Weather
2023-01-25 23:00:00-03:00,25.6,85.9,-1.0999999999999979,5.1000000000000085,1,Humid Region
2023-01-26 00:00:00-03:00,23.7,95.2,-1.9000000000000021,9.299999999999997,1,Humid Region
2023-01-26 01:00:00-03:00,23.1,97.2,-0.5999999999999979,2.0,1,Humid Region
2023-01-26 02:00:00-03:00,22.8,97.4,-0.3000000000000007,0.20000000000000284,1,Humid Region
2023-01-26 03:00:00-03:00,23.0,96.4,0.1999999999999993,-1.0,1,Humid Region
2023-01-26 04:00:00-03:00,22.7,98.1,-0.3000000000000007,1.6999999999999886,1,Humid Region
2023-01-26 05:00:00-03:00,22.3,99.0,-0.3999999999999986,0.9000000000000057,1,Humid Region
2023-01-26 06:00:00-03:00,24.2,93.7,1.8999999999999986,-5.299999999999997,2,Rapid Change Zone
2023-01-26 07:00:00-03:00,27.9,82.5,3.6999999999999993,-11.200000000000003,2,Rapid Change Zone
2023-01-26 08:00:00-03:00,29.4,76.9,1.5,-5.599999999999994,2,Rapid Change Zone
2023-01-26 09:00:00-03:00,29.9,74.7,0.5,-2.200000000000003,0,Stable Weather
2023-01-26 10:00:00-03:00,30.2,72.0,0.3000000000000007,-2.700000000000003,0,Stable Weather
2023-01-26 11:00:00-03:00,30.7,70.0,0.5,-2.0,0,Stable Weather
2023-01-26 14:00:00-03:00,31.1,68.4,0.40000000000000213,-1.5999999999999943,0,Stable Weather
2023-01-26 15:00:00-03:00,30.2,71.9,-0.9000000000000021,3.5,0,Stable Weather
2023-01-26 16:00:00-03:00,29.6,73.7,-0.5999999999999979,1.7999999999999972,0,Stable Weather
2023-01-26 17:00:00-03:00,28.1,80.1,-1.5,6.3999999999999915,0,Stable Weather
2023-01-26 18:00:00-03:00,27.6,82.0,-0.5,1.9000000000000057,0,Stable Weather
2023-01-26 19:00:00-03:00,27.5,81.9,-0.10000000000000142,-0.09999999999999432,0,Stable Weather
2023-01-26 20:00:00-03:00,27.6,81.6,0.10000000000000142,-0.30000000000001137,0,Stable Weather
2023-01-26 21:00:00-03:00,27.5,82.6,-0.10000000000000142,1.0,0,Stable Weather
2023-01-26 22:00:00-03:00,27.5,82.6,0.0,0.0,0,Stable Weather
2023-01-26 23:00:00-03:00,27.0,84.4,-0.5,1.8000000000000114,0,Stable Weather
2023-01-27 00:00:00-03:00,26.1,90.9,-0.8999999999999986,6.5,1,Humid Region
2023-01-27 01:00:00-03:00,26.4,89.7,0.29999999999999716,-1.2000000000000028,1,Humid Region
2023-01-27 02:00:00-03:00,25.9,90.6,-0.5,0.8999999999999915,1,Humid Region
2023-01-27 03:00:00-03:00,24.8,95.6,-1.0999999999999979,5.0,1,Humid Region
2023-01-27 04:00:00-03:00,24.5,97.1,-0.3000000000000007,1.5,1,Humid Region
2023-01-27 05:00:00-03:00,24.2,97.1,-0.3000000000000007,0.0,1,Humid Region
2023-01-27 06:00:00-03:00,26.4,90.4,2.1999999999999993,-6.699999999999989,2,Rapid Change Zone
2023-01-27 07:00:00-03:00,29.7,76.5,3.3000000000000007,-13.900000000000006,2,Rapid Change Zone
2023-01-27 08:00:00-03:00,30.2,74.7,0.5,-1.7999999999999972,0,Stable Weather
2023-01-27 09:00:00-03:00,30.5,73.8,0.3000000000000007,-0.9000000000000057,0,Stable Weather
2023-01-27 10:00:00-03:00,30.7,73.2,0.1999999999999993,-0.5999999999999943,0,Stable Weather
2023-01-27 11:00:00-03:00,31.1,71.6,0.40000000000000213,-1.6000000000000085,0,Stable Weather
2023-01-27 12:00:00-03:00,31.2,71.0,0.09999999999999787,-0.5999999999999943,0,Stable Weather
2023-01-27 13:00:00-03:00,31.1,70.7,-0.09999999999999787,-0.29999999999999716,0,Stable Weather
2023-01-27 14:00:00-03:00,31.3,69.4,0.1999999999999993,-1.2999999999999972,0,Stable Weather
2023-01-27 15:00:00-03:00,30.8,70.5,-0.5,1.0999999999999943,0,Stable Weather
2023-01-27 16:00:00-03:00,30.2,72.2,-0.6000000000000014,1.7000000000000028,0,Stable Weather
2023-01-27 17:00:00-03:00,28.5,78.6,-1.6999999999999993,6.3999999999999915,0,Stable Weather
2023-01-27 18:00:00-03:00,27.8,82.8,-0.6999999999999993,4.200000000000003,0,Stable Weather
2023-01-27 19:00:00-03:00,27.6,84.6,-0.1999999999999993,1.7999999999999972,0,Stable Weather
2023-01-27 20:00:00-03:00,27.5,85.3,-0.10000000000000142,0.7000000000000028,0,Stable Weather
2023-01-27 21:00:00-03:00,27.5,84.6,0.0,-0.7000000000000028,0,Stable Weather
2023-01-27 22:00:00-03:00,27.7,84.0,0.1999999999999993,-0.5999999999999943,0,Stable Weather
2023-01-27 23:00:00-03:00,27.3,84.9,-0.3999999999999986,0.9000000000000057,0,Stable Weather
2023-01-28 00:00:00-03:00,26.9,86.4,-0.40000000000000213,1.5,0,Stable Weather
2023-01-28 01:00:00-03:00,26.7,87.8,-0.1999999999999993,1.3999999999999915,1,Humid Region
2023-01-28 02:00:00-03:00,27.0,84.2,0.3000000000000007,-3.5999999999999943,0,Stable Weather
2023-01-28 03:00:00-03:00,27.0,83.0,0.0,-1.2000000000000028,0,Stable Weather
2023-01-28 04:00:00-03:00,26.7,81.6,-0.3000000000000007,-1.4000000000000057,0,Stable Weather
2023-01-28 05:00:00-03:00,26.6,81.8,-0.09999999999999787,0.20000000000000284,0,Stable Weather
2023-01-28 06:00:00-03:00,27.8,78.1,1.1999999999999993,-3.700000000000003,2,Rapid Change Zone
2023-01-28 07:00:00-03:00,28.5,74.8,0.6999999999999993,-3.299999999999997,0,Stable Weather
2023-01-28 08:00:00-03:00,29.6,72.3,1.1000000000000014,-2.5,0,Stable Weather
2023-01-28 09:00:00-03:00,29.9,71.3,0.29999999999999716,-1.0,0,Stable Weather
2023-01-28 10:00:00-03:00,30.5,67.5,0.6000000000000014,-3.799999999999997,0,Stable Weather
2023-01-28 11:00:00-03:00,30.8,63.9,0.3000000000000007,-3.6000000000000014,0,Stable Weather
2023-01-28 12:00:00-03:00,30.6,64.7,-0.1999999999999993,0.8000000000000043,0,Stable Weather
2023-01-28 13:00:00-03:00,30.6,63.3,0.0,-1.4000000000000057,0,Stable Weather
2023-01-28 14:00:00-03:00,30.3,64.8,-0.3000000000000007,1.5,0,Stable Weather
2023-01-28 15:00:00-03:00,30.0,68.5,-0.3000000000000007,3.700000000000003,0,Stable Weather
2023-01-28 16:00:00-03:00,29.4,69.8,-0.6000000000000014,1.2999999999999972,0,Stable Weather
2023-01-28 17:00:00-03:00,27.9,71.8,-1.5,2.0,0,Stable Weather
2023-01-28 18:00:00-03:00,27.3,74.1,-0.5999999999999979,2.299999999999997,0,Stable Weather
2023-01-28 19:00:00-03:00,27.2,75.6,-0.10000000000000142,1.5,0,Stable Weather
2023-01-28 20:00:00-03:00,26.7,77.0,-0.5,1.4000000000000057,0,Stable Weather
2023-01-28 21:00:00-03:00,26.8,77.2,0.10000000000000142,0.20000000000000284,0,Stable Weather
2023-01-28 22:00:00-03:00,25.9,86.2,-0.9000000000000021,9.0,1,Humid Region
2023-01-28 23:00:00-03:00,24.9,93.2,-1.0,7.0,1,Humid Region
2023-01-29 00:00:00-03:00,25.3,88.1,0.40000000000000213,-5.1000000000000085,1,Humid Region
2023-01-29 01:00:00-03:00,25.0,89.6,-0.3000000000000007,1.5,1,Humid Region
2023-01-29 02:00:00-03:00,23.9,95.3,-1.1000000000000014,5.700000000000003,1,Humid Region
2023-01-29 03:00:00-03:00,23.1,98.8,-0.7999999999999972,3.5,1,Humid Region
2023-01-29 04:00:00-03:00,22.7,99.0,-0.40000000000000213,0.20000000000000284,1,Humid Region
2023-01-29 05:00:00-03:00,22.6,99.0,-0.09999999999999787,0.0,1,Humid Region
2023-01-29 06:00:00-03:00,24.2,94.2,1.5999999999999979,-4.799999999999997,2,Rapid Change Zone
2023-01-29 07:00:00-03:00,26.4,88.3,2.1999999999999993,-5.900000000000006,2,Rapid Change Zone
2023-01-29 08:00:00-03:00,28.4,78.4,2.0,-9.899999999999991,2,Rapid Change Zone
2023-01-29 09:00:00-03:00,29.9,71.8,1.5,-6.6000000000000085,2,Rapid Change Zone
2023-01-29 10:00:00-03:00,30.6,69.0,0.7000000000000028,-2.799999999999997,0,Stable Weather
2023-01-29 11:00:00-03:00,30.6,69.5,0.0,0.5,0,Stable Weather
2023-01-29 12:00:00-03:00,30.5,69.4,-0.10000000000000142,-0.09999999999999432,0,Stable Weather
2023-01-29 13:00:00-03:00,31.0,68.6,0.5,-0.8000000000000114,0,Stable Weather
2023-01-29 14:00:00-03:00,30.5,68.9,-0.5,0.30000000000001137,0,Stable Weather
2023-01-29 15:00:00-03:00,30.3,67.5,-0.1999999999999993,-1.4000000000000057,0,Stable Weather
2023-01-29 16:00:00-03:00,29.2,73.1,-1.1000000000000014,5.599999999999994,0,Stable Weather
2023-01-29 17:00:00-03:00,27.8,76.8,-1.3999999999999986,3.700000000000003,0,Stable Weather
2023-01-29 18:00:00-03:00,27.4,80.5,-0.40000000000000213,3.700000000000003,0,Stable Weather
2023-01-29 19:00:00-03:00,27.2,80.9,-0.1999999999999993,0.4000000000000057,0,Stable Weather
2023-01-29 20:00:00-03:00,27.2,83.0,0.0,2.0999999999999943,0,Stable Weather
2023-01-29 21:00:00-03:00,27.2,82.0,0.0,-1.0,0,Stable Weather
2023-01-29 22:00:00-03:00,27.0,83.4,-0.1999999999999993,1.4000000000000057,0,Stable Weather
2023-01-29 23:00:00-03:00,27.0,81.8,0.0,-1.6000000000000085,0,Stable Weather
2023-01-30 00:00:00-03:00,26.6,82.8,-0.3999999999999986,1.0,0,Stable Weather
2023-01-30 01:00:00-03:00,26.3,85.7,-0.3000000000000007,2.9000000000000057,1,Humid Region
2023-01-30 02:00:00-03:00,26.2,84.9,-0.10000000000000142,-0.7999999999999972,0,Stable Weather
2023-01-30 03:00:00-03:00,26.4,84.8,0.1999999999999993,-0.10000000000000853,0,Stable Weather
2023-01-30 04:00:00-03:00,26.0,87.2,-0.3999999999999986,2.4000000000000057,1,Humid Region
2023-01-30 05:00:00-03:00,25.8,89.8,-0.1999999999999993,2.5999999999999943,1,Humid Region
2023-01-30 06:00:00-03:00,26.1,89.0,0.3000000000000007,-0.7999999999999972,1,Humid Region
2023-01-30 07:00:00-03:00,28.3,82.2,2.1999999999999993,-6.799999999999997,2,Rapid Change Zone
2023-01-30 08:00:00-03:00,29.1,77.9,0.8000000000000007,-4.299999999999997,2,Rapid Change Zone
2023-01-30 09:00:00-03:00,30.2,71.8,1.0999999999999979,-6.1000000000000085,2,Rapid Change Zone
2023-01-30 10:00:00-03:00,30.3,70.6,0.10000000000000142,-1.2000000000000028,0,Stable Weather
2023-01-30 11:00:00-03:00,30.8,67.9,0.5,-2.6999999999999886,0,Stable Weather
2023-01-30 12:00:00-03:00,30.8,69.0,0.0,1.0999999999999943,0,Stable Weather
2023-01-30 13:00:00-03:00,30.4,71.3,-0.40000000000000213,2.299999999999997,0,Stable Weather
2023-01-30 14:00:00-03:00,30.5,69.5,0.10000000000000142,-1.7999999999999972,0,Stable Weather
2023-01-30 15:00:00-03:00,30.3,68.1,-0.1999999999999993,-1.4000000000000057,0,Stable Weather
2023-01-30 16:00:00-03:00,29.4,74.0,-0.9000000000000021,5.900000000000006,0,Stable Weather
2023-01-30 17:00:00-03:00,27.9,76.9,-1.5,2.9000000000000057,0,Stable Weather
2023-01-30 18:00:00-03:00,27.5,78.2,-0.3999999999999986,1.2999999999999972,0,Stable Weather
2023-01-30 19:00:00-03:00,27.4,79.0,-0.10000000000000142,0.7999999999999972,0,Stable Weather
2023-01-30 20:00:00-03:00,27.3,81.2,-0.09999999999999787,2.200000000000003,0,Stable Weather
2023-01-30 21:00:00-03:00,27.3,81.6,0.0,0.3999999999999915,0,Stable Weather
2023-01-30 22:00:00-03:00,27.4,81.4,0.09999999999999787,-0.19999999999998863,0,Stable Weather
2023-01-30 23:00:00-03:00,27.1,81.6,-0.29999999999999716,0.19999999999998863,0,Stable Weather
2023-01-31 00:00:00-03:00,26.9,83.2,-0.20000000000000284,1.6000000000000085,0,Stable Weather
2023-01-31 01:00:00-03:00,26.8,81.7,-0.09999999999999787,-1.5,0,Stable Weather
2023-01-31 02:00:00-03:00,26.8,82.8,0.0,1.0999999999999943,0,Stable Weather
2023-01-31 03:00:00-03:00,26.7,83.9,-0.10000000000000142,1.1000000000000085,0,Stable Weather
2023-01-31 04:00:00-03:00,25.9,86.4,-0.8000000000000007,2.5,1,Humid Region
2023-01-31 05:00:00-03:00,24.8,92.9,-1.0999999999999979,6.5,1,Humid Region
2023-01-31 06:00:00-03:00,27.3,80.7,2.5,-12.200000000000003,2,Rapid Change Zone
2023-01-31 07:00:00-03:00,28.9,74.1,1.5999999999999979,-6.6000000000000085,2,Rapid Change Zone
2023-01-31 08:00:00-03:00,29.3,71.8,0.40000000000000213,-2.299999999999997,0,Stable Weather
2023-01-31 09:00:00-03:00,30.1,70.0,0.8000000000000007,-1.7999999999999972,0,Stable Weather
2023-01-31 10:00:00-03:00,30.5,68.7,0.3999999999999986,-1.2999999999999972,0,Stable Weather
2023-01-31 11:00:00-03:00,30.5,69.1,0.0,0.3999999999999915,0,Stable Weather
2023-01-31 12:00:00-03:00,30.9,67.5,0.3999999999999986,-1.5999999999999943,0,Stable Weather
2023-01-31 13:00:00-03:00,30.7,65.8,-0.1999999999999993,-1.7000000000000028,0,Stable Weather
2023-01-31 14:00:00-03:00,30.7,69.0,0.0,3.200000000000003,0,Stable Weather
2023-01-31 15:00:00-03:00,30.1,72.3,-0.5999999999999979,3.299999999999997,0,Stable Weather
2023-01-31 16:00:00-03:00,29.2,74.2,-0.9000000000000021,1.9000000000000057,0,Stable Weather
2023-01-31 17:00:00-03:00,28.1,78.5,-1.0999999999999979,4.299999999999997,0,Stable Weather
2023-01-31 18:00:00-03:00,27.8,81.4,-0.3000000000000007,2.9000000000000057,0,Stable Weather
2023-01-31 19:00:00-03:00,27.8,81.2,0.0,-0.20000000000000284,0,Stable Weather
2023-01-31 20:00:00-03:00,27.7,80.7,-0.10000000000000142,-0.5,0,Stable Weather
2023-01-31 21:00:00-03:00,27.6,80.9,-0.09999999999999787,0.20000000000000284,0,Stable Weather
2023-01-31 22:00:00-03:00,27.5,81.9,-0.10000000000000142,1.0,0,Stable Weather
2023-01-31 23:00:00-03:00,27.3,82.7,-0.1999999999999993,0.7999999999999972,0,Stable Weather
2023-02-01 00:00:00-03:00,27.0,85.5,-0.3000000000000007,2.799999999999997,0,Stable Weather
2023-02-01 01:00:00-03:00,26.7,87.2,-0.3000000000000007,1.7000000000000028,1,Humid Region
2023-02-01 02:00:00-03:00,26.6,85.7,-0.09999999999999787,-1.5,0,Stable Weather
2023-02-01 03:00:00-03:00,26.5,85.8,-0.10000000000000142,0.09999999999999432,0,Stable Weather
2023-02-01 04:00:00-03:00,25.6,90.1,-0.8999999999999986,4.299999999999997,1,Humid Region
2023-02-01 05:00:00-03:00,24.8,93.8,-0.8000000000000007,3.700000000000003,1,Humid Region
2023-02-01 06:00:00-03:00,26.1,89.3,1.3000000000000007,-4.5,2,Rapid Change Zone
2023-02-01 07:00:00-03:00,27.4,85.2,1.2999999999999972,-4.099999999999994,2,Rapid Change Zone
2023-02-01 08:00:00-03:00,29.8,74.8,2.400000000000002,-10.400000000000006,2,Rapid Change Zone
2023-02-01 09:00:00-03:00,30.8,67.4,1.0,-7.3999999999999915,2,Rapid Change Zone
2023-02-01 10:00:00-03:00,30.9,67.5,0.09999999999999787,0.09999999999999432,0,Stable Weather
2023-02-01 11:00:00-03:00,31.1,67.8,0.20000000000000284,0.29999999999999716,0,Stable Weather
2023-02-01 12:00:00-03:00,31.2,65.1,0.09999999999999787,-2.700000000000003,0,Stable Weather
2023-02-01 13:00:00-03:00,30.9,67.2,-0.3000000000000007,2.1000000000000085,0,Stable Weather
2023-02-01 14:00:00-03:00,30.6,68.6,-0.29999999999999716,1.3999999999999915,0,Stable Weather
2023-02-01 15:00:00-03:00,30.4,69.1,-0.20000000000000284,0.5,0,Stable Weather
2023-02-01 16:00:00-03:00,29.5,72.6,-0.8999999999999986,3.5,0,Stable Weather
2023-02-01 17:00:00-03:00,28.2,77.7,-1.3000000000000007,5.1000000000000085,0,Stable Weather
2023-02-01 18:00:00-03:00,27.7,79.7,-0.5,2.0,0,Stable Weather
2023-02-01 19:00:00-03:00,27.7,81.0,0.0,1.2999999999999972,0,Stable Weather
2023-02-01 20:00:00-03:00,27.6,81.8,-0.09999999999999787,0.7999999999999972,0,Stable Weather
2023-02-01 21:00:00-03:00,27.4,82.7,-0.20000000000000284,0.9000000000000057,0,Stable Weather
2023-02-01 22:00:00-03:00,27.3,84.4,-0.09999999999999787,1.7000000000000028,0,Stable Weather
2023-02-01 23:00:00-03:00,27.1,85.4,-0.1999999999999993,1.0,0,Stable Weather
2023-02-02 00:00:00-03:00,26.7,86.9,-0.40000000000000213,1.5,1,Humid Region
2023-02-02 01:00:00-03:00,26.8,86.9,0.10000000000000142,0.0,0,Stable Weather
2023-02-02 02:00:00-03:00,25.8,90.3,-1.0,3.3999999999999915,1,Humid Region
2023-02-02 03:00:00-03:00,24.2,97.0,-1.6000000000000014,6.700000000000003,1,Humid Region
2023-02-02 04:00:00-03:00,23.8,98.4,-0.3999999999999986,1.4000000000000057,1,Humid Region
2023-02-02 05:00:00-03:00,23.8,98.6,0.0,0.19999999999998863,1,Humid Region
2023-02-02 06:00:00-03:00,25.7,93.5,1.8999999999999986,-5.099999999999994,2,Rapid Change Zone
2023-02-02 07:00:00-03:00,28.5,82.3,2.8000000000000007,-11.200000000000003,2,Rapid Change Zone
2023-02-02 08:00:00-03:00,30.5,72.0,2.0,-10.299999999999997,2,Rapid Change Zone
2023-02-02 09:00:00-03:00,30.4,72.1,-0.10000000000000142,0.09999999999999432,0,Stable Weather
2023-02-02 10:00:00-03:00,30.6,72.2,0.20000000000000284,0.10000000000000853,0,Stable Weather
2023-02-02 11:00:00-03:00,30.9,70.2,0.29999999999999716,-2.0,0,Stable Weather
2023-02-02 12:00:00-03:00,31.0,71.2,0.10000000000000142,1.0,0,Stable Weather
2023-02-02 13:00:00-03:00,31.2,68.7,0.1999999999999993,-2.5,0,Stable Weather
2023-02-02 14:00:00-03:00,30.1,74.7,-1.0999999999999979,6.0,0,Stable Weather
2023-02-02 15:00:00-03:00,30.0,74.0,-0.10000000000000142,-0.7000000000000028,0,Stable Weather
2023-02-02 16:00:00-03:00,28.9,77.5,-1.1000000000000014,3.5,0,Stable Weather
2023-02-02 17:00:00-03:00,28.2,79.3,-0.6999999999999993,1.7999999999999972,0,Stable Weather
2023-02-02 18:00:00-03:00,27.8,80.8,-0.3999999999999986,1.5,0,Stable Weather
2023-02-02 19:00:00-03:00,27.6,81.2,-0.1999999999999993,0.4000000000000057,0,Stable Weather
2023-02-02 20:00:00-03:00,27.6,81.1,0.0,-0.10000000000000853,0,Stable Weather
2023-02-02 21:00:00-03:00,27.4,82.3,-0.20000000000000284,1.2000000000000028,0,Stable Weather
2023-02-02 22:00:00-03:00,27.4,82.4,0.0,0.10000000000000853,0,Stable Weather
2023-02-02 23:00:00-03:00,27.2,81.6,-0.1999999999999993,-0.8000000000000114,0,Stable Weather
2023-02-03 00:00:00-03:00,27.1,81.5,-0.09999999999999787,-0.09999999999999432,0,Stable Weather
2023-02-03 01:00:00-03:00,27.0,81.2,-0.10000000000000142,-0.29999999999999716,0,Stable Weather
2023-02-03 02:00:00-03:00,26.8,81.3,-0.1999999999999993,0.09999999999999432,0,Stable Weather
2023-02-03 03:00:00-03:00,26.8,81.9,0.0,0.6000000000000085,0,Stable Weather
2023-02-03 04:00:00-03:00,26.4,82.3,-0.40000000000000213,0.3999999999999915,0,Stable Weather
2023-02-03 05:00:00-03:00,26.4,83.7,0.0,1.4000000000000057,0,Stable Weather
2023-02-03 06:00:00-03:00,27.8,80.2,1.4000000000000021,-3.5,2,Rapid Change Zone
2023-02-03 07:00:00-03:00,29.4,73.6,1.5999999999999979,-6.6000000000000085,2,Rapid Change Zone
2023-02-03 08:00:00-03:00,30.2,69.4,0.8000000000000007,-4.199999999999989,0,Stable Weather
2023-02-03 09:00:00-03:00,30.4,69.7,0.1999999999999993,0.29999999999999716,0,Stable Weather
2023-02-03 10:00:00-03:00,30.6,70.3,0.20000000000000284,0.5999999999999943,0,Stable Weather
2023-02-03 11:00:00-03:00,30.8,69.4,0.1999999999999993,-0.8999999999999915,0,Stable Weather
2023-02-03 12:00:00-03:00,31.3,65.3,0.5,-4.1000000000000085,0,Stable Weather
2023-02-03 13:00:00-03:00,31.5,63.2,0.1999999999999993,-2.0999999999999943,0,Stable Weather
2023-02-03 14:00:00-03:00,31.2,65.3,-0.3000000000000007,2.0999999999999943,0,Stable Weather
2023-02-03 15:00:00-03:00,30.5,69.1,-0.6999999999999993,3.799999999999997,0,Stable Weather
2023-02-03 16:00:00-03:00,29.6,72.4,-0.8999999999999986,3.3000000000000114,0,Stable Weather
2023-02-03 17:00:00-03:00,28.3,77.5,-1.3000000000000007,5.099999999999994,0,Stable Weather
2023-02-03 18:00:00-03:00,27.7,80.8,-0.6000000000000014,3.299999999999997,0,Stable Weather
2023-02-03 19:00:00-03:00,27.6,81.0,-0.09999999999999787,0.20000000000000284,0,Stable Weather
2023-02-03 20:00:00-03:00,27.5,80.3,-0.10000000000000142,-0.7000000000000028,0,Stable Weather
2023-02-03 21:00:00-03:00,27.3,80.8,-0.1999999999999993,0.5,0,Stable Weather
2023-02-03 22:00:00-03:00,27.1,82.7,-0.1999999999999993,1.9000000000000057,0,Stable Weather
2023-02-03 23:00:00-03:00,27.0,83.5,-0.10000000000000142,0.7999999999999972,0,Stable Weather
2023-02-04 00:00:00-03:00,26.8,82.8,-0.1999999999999993,-0.7000000000000028,0,Stable Weather
2023-02-04 01:00:00-03:00,26.6,82.4,-0.1999999999999993,-0.3999999999999915,0,Stable Weather
2023-02-04 02:00:00-03:00,26.0,85.8,-0.6000000000000014,3.3999999999999915,1,Humid Region
2023-02-04 03:00:00-03:00,26.3,85.8,0.3000000000000007,0.0,1,Humid Region
2023-02-04 04:00:00-03:00,26.4,86.2,0.09999999999999787,0.4000000000000057,1,Humid Region
2023-02-04 05:00:00-03:00,25.1,90.8,-1.2999999999999972,4.599999999999994,1,Humid Region
2023-02-04 06:00:00-03:00,26.0,88.6,0.8999999999999986,-2.200000000000003,1,Humid Region
2023-02-04 07:00:00-03:00,28.6,80.2,2.6000000000000014,-8.399999999999991,2,Rapid Change Zone
2023-02-04 08:00:00-03:00,30.0,74.3,1.3999999999999986,-5.900000000000006,2,Rapid Change Zone
2023-02-04 09:00:00-03:00,30.6,71.8,0.6000000000000014,-2.5,0,Stable Weather
2023-02-04 10:00:00-03:00,28.3,83.5,-2.3000000000000007,11.700000000000003,0,Stable Weather
2023-02-04 11:00:00-03:00,29.6,80.6,1.3000000000000007,-2.9000000000000057,2,Rapid Change Zone
2023-02-04 12:00:00-03:00,30.8,73.1,1.1999999999999993,-7.5,2,Rapid Change Zone
2023-02-04 13:00:00-03:00,31.4,69.4,0.5999999999999979,-3.6999999999999886,0,Stable Weather
2023-02-04 14:00:00-03:00,31.4,70.1,0.0,0.6999999999999886,0,Stable Weather
2023-02-04 15:00:00-03:00,30.6,73.2,-0.7999999999999972,3.1000000000000085,0,Stable Weather
2023-02-04 16:00:00-03:00,29.5,77.5,-1.1000000000000014,4.299999999999997,0,Stable Weather
2023-02-04 17:00:00-03:00,27.8,85.3,-1.6999999999999993,7.799999999999997,0,Stable Weather
2023-02-04 18:00:00-03:00,25.9,96.9,-1.9000000000000021,11.600000000000009,1,Humid Region
2023-02-04 19:00:00-03:00,25.1,98.9,-0.7999999999999972,2.0,1,Humid Region
2023-02-04 20:00:00-03:00,24.9,99.0,-0.20000000000000284,0.09999999999999432,1,Humid Region
2023-02-04 21:00:00-03:00,24.4,99.0,-0.5,0.0,1,Humid Region
2023-02-04 22:00:00-03:00,24.4,99.0,0.0,0.0,1,Humid Region
2023-02-04 23:00:00-03:00,24.4,99.0,0.0,0.0,1,Humid Region
2023-02-05 00:00:00-03:00,24.4,99.0,0.0,0.0,1,Humid Region
2023-02-05 01:00:00-03:00,24.4,99.0,0.0,0.0,1,Humid Region
2023-02-05 02:00:00-03:00,24.4,99.0,0.0,0.0,1,Humid Region
2023-02-05 03:00:00-03:00,24.5,99.0,0.10000000000000142,0.0,1,Humid Region
2023-02-05 04:00:00-03:00,24.5,99.0,0.0,0.0,1,Humid Region
2023-02-05 05:00:00-03:00,24.5,99.0,0.0,0.0,1,Humid Region
2023-02-05 06:00:00-03:00,25.1,99.0,0.6000000000000014,0.0,1,Humid Region
2023-02-05 07:00:00-03:00,26.2,98.4,1.0999999999999979,-0.5999999999999943,1,Humid Region
2023-02-05 08:00:00-03:00,29.7,81.7,3.5,-16.700000000000003,2,Rapid Change Zone
2023-02-05 09:00:00-03:00,30.5,77.1,0.8000000000000007,-4.6000000000000085,2,Rapid Change Zone
2023-02-05 10:00:00-03:00,30.0,79.1,-0.5,2.0,0,Stable Weather
2023-02-05 11:00:00-03:00,30.5,78.9,0.5,-0.19999999999998863,0,Stable Weather
2023-02-05 12:00:00-03:00,30.9,76.8,0.3999999999999986,-2.1000000000000085,0,Stable Weather
2023-02-05 13:00:00-03:00,31.1,75.0,0.20000000000000284,-1.7999999999999972,0,Stable Weather
2023-02-05 14:00:00-03:00,30.7,74.5,-0.40000000000000213,-0.5,0,Stable Weather
2023-02-05 15:00:00-03:00,29.6,77.4,-1.0999999999999979,2.9000000000000057,0,Stable Weather
2023-02-05 16:00:00-03:00,28.8,81.8,-0.8000000000000007,4.3999999999999915,0,Stable Weather
2023-02-05 17:00:00-03:00,28.1,84.8,-0.6999999999999993,3.0,0,Stable Weather
2023-02-05 18:00:00-03:00,27.6,86.6,-0.5,1.7999999999999972,0,Stable Weather
2023-02-05 19:00:00-03:00,27.4,87.6,-0.20000000000000284,1.0,0,Stable Weather
2023-02-05 20:00:00-03:00,27.1,90.1,-0.29999999999999716,2.5,1,Humid Region
2023-02-05 21:00:00-03:00,26.1,95.9,-1.0,5.800000000000011,1,Humid Region
2023-02-05 22:00:00-03:00,25.2,99.0,-0.9000000000000021,3.0999999999999943,1,Humid Region
2023-02-05 23:00:00-03:00,24.5,98.9,-0.6999999999999993,-0.09999999999999432,1,Humid Region
2023-02-06 00:00:00-03:00,24.2,99.0,-0.3000000000000007,0.09999999999999432,1,Humid Region
2023-02-06 01:00:00-03:00,24.2,99.0,0.0,0.0,1,Humid Region
2023-02-06 02:00:00-03:00,24.2,99.0,0.0,0.0,1,Humid Region
2023-02-06 03:00:00-03:00,24.1,99.0,-0.09999999999999787,0.0,1,Humid Region
2023-02-06 04:00:00-03:00,23.8,99.0,-0.3000000000000007,0.0,1,Humid Region
2023-02-06 05:00:00-03:00,23.1,99.0,-0.6999999999999993,0.0,1,Humid Region
2023-02-06 06:00:00-03:00,23.3,99.0,0.1999999999999993,0.0,1,Humid Region
2023-02-06 07:00:00-03:00,23.1,99.0,-0.1999999999999993,0.0,1,Humid Region
2023-02-06 08:00:00-03:00,23.0,99.0,-0.10000000000000142,0.0,1,Humid Region
2023-02-06 09:00:00-03:00,23.1,99.0,0.10000000000000142,0.0,1,Humid Region
2023-02-06 10:00:00-03:00,23.2,99.0,0.09999999999999787,0.0,1,Humid Region
2023-02-06 11:00:00-03:00,23.1,99.0,-0.09999999999999787,0.0,1,Humid Region
2023-02-06 12:00:00-03:00,23.0,98.9,-0.10000000000000142,-0.09999999999999432,1,Humid Region
2023-02-06 13:00:00-03:00,22.8,99.0,-0.1999999999999993,0.09999999999999432,1,Humid Region
2023-02-06 14:00:00-03:00,24.2,95.2,1.3999999999999986,-3.799999999999997,1,Humid Region
2023-02-06 15:00:00-03:00,25.2,94.1,1.0,-1.1000000000000085,1,Humid Region
2023-02-06 16:00:00-03:00,25.9,93.4,0.6999999999999993,-0.6999999999999886,1,Humid Region
2023-02-06 17:00:00-03:00,25.4,97.2,-0.5,3.799999999999997,1,Humid Region
2023-02-06 18:00:00-03:00,24.3,99.0,-1.0999999999999979,1.7999999999999972,1,Humid Region
2023-02-06 19:00:00-03:00,23.7,99.0,-0.6000000000000014,0.0,1,Humid Region
2023-02-06 20:00:00-03:00,23.3,99.0,-0.3999999999999986,0.0,1,Humid Region
2023-02-06 21:00:00-03:00,23.0,99.0,-0.3000000000000007,0.0,1,Humid Region
2023-02-06 22:00:00-03:00,22.7,99.0,-0.3000000000000007,0.0,1,Humid Region
2023-02-06 23:00:00-03:00,22.4,99.0,-0.3000000000000007,0.0,1,Humid Region
2023-02-07 00:00:00-03:00,22.2,99.0,-0.1999999999999993,0.0,1,Humid Region
2023-02-07 01:00:00-03:00,22.0,99.0,-0.1999999999999993,0.0,1,Humid Region
2023-02-07 02:00:00-03:00,21.6,99.0,-0.3999999999999986,0.0,1,Humid Region
2023-02-07 03:00:00-03:00,21.3,99.0,-0.3000000000000007,0.0,1,Humid Region
2023-02-07 04:00:00-03:00,21.1,99.0,-0.1999999999999993,0.0,1,Humid Region
2023-02-07 05:00:00-03:00,21.1,99.0,0.0,0.0,1,Humid Region
2023-02-07 06:00:00-03:00,22.4,99.0,1.2999999999999972,0.0,1,Humid Region
2023-02-07 07:00:00-03:00,26.8,88.6,4.400000000000002,-10.400000000000006,2,Rapid Change Zone
2023-02-07 08:00:00-03:00,29.2,75.9,2.3999999999999986,-12.699999999999989,2,Rapid Change Zone
2023-02-07 09:00:00-03:00,28.3,79.3,-0.8999999999999986,3.3999999999999915,0,Stable Weather
2023-02-07 10:00:00-03:00,29.5,69.7,1.1999999999999993,-9.599999999999994,2,Rapid Change Zone
2023-02-07 11:00:00-03:00,30.0,68.1,0.5,-1.6000000000000085,0,Stable Weather
2023-02-07 12:00:00-03:00,29.8,68.8,-0.1999999999999993,0.7000000000000028,0,Stable Weather
2023-02-07 13:00:00-03:00,30.9,63.6,1.0999999999999979,-5.199999999999996,2,Rapid Change Zone
2023-02-07 14:00:00-03:00,30.6,61.6,-0.29999999999999716,-2.0,0,Stable Weather
2023-02-07 15:00:00-03:00,30.0,63.3,-0.6000000000000014,1.6999999999999957,0,Stable Weather
2023-02-07 16:00:00-03:00,28.8,64.6,-1.1999999999999993,1.2999999999999972,0,Stable Weather
2023-02-07 17:00:00-03:00,27.4,67.5,-1.4000000000000021,2.9000000000000057,0,Stable Weather
2023-02-07 18:00:00-03:00,26.6,72.6,-0.7999999999999972,5.099999999999994,0,Stable Weather
2023-02-07 19:00:00-03:00,26.3,71.8,-0.3000000000000007,-0.7999999999999972,0,Stable Weather
2023-02-07 20:00:00-03:00,24.8,80.2,-1.5,8.400000000000006,1,Humid Region
2023-02-07 21:00:00-03:00,22.5,91.7,-2.3000000000000007,11.5,1,Humid Region
2023-02-07 22:00:00-03:00,21.8,95.3,-0.6999999999999993,3.5999999999999943,1,Humid Region
2023-02-07 23:00:00-03:00,21.4,97.5,-0.40000000000000213,2.200000000000003,1,Humid Region
2023-02-08 00:00:00-03:00,21.0,98.4,-0.3999999999999986,0.9000000000000057,1,Humid Region
2023-02-08 01:00:00-03:00,20.6,99.0,-0.3999999999999986,0.5999999999999943,1,Humid Region
2023-02-08 02:00:00-03:00,20.4,99.0,-0.20000000000000284,0.0,1,Humid Region
2023-02-08 03:00:00-03:00,20.4,99.0,0.0,0.0,1,Humid Region
2023-02-08 04:00:00-03:00,20.4,99.0,0.0,0.0,1,Humid Region
2023-02-08 05:00:00-03:00,20.4,99.0,0.0,0.0,1,Humid Region
2023-02-08 06:00:00-03:00,23.5,90.4,3.1000000000000014,-8.599999999999994,2,Rapid Change Zone
2023-02-08 07:00:00-03:00,26.9,80.1,3.3999999999999986,-10.300000000000011,2,Rapid Change Zone
2023-02-08 08:00:00-03:00,29.1,75.9,2.200000000000003,-4.199999999999989,2,Rapid Change Zone
2023-02-08 09:00:00-03:00,29.0,76.2,-0.10000000000000142,0.29999999999999716,0,Stable Weather
2023-02-08 10:00:00-03:00,29.6,74.7,0.6000000000000014,-1.5,0,Stable Weather
2023-02-08 11:00:00-03:00,30.1,73.2,0.5,-1.5,0,Stable Weather
2023-02-08 12:00:00-03:00,30.6,71.5,0.5,-1.7000000000000028,0,Stable Weather
2023-02-08 13:00:00-03:00,29.4,74.7,-1.2000000000000028,3.200000000000003,0,Stable Weather
2023-02-08 14:00:00-03:00,29.3,75.8,-0.09999999999999787,1.0999999999999943,0,Stable Weather
2023-02-08 15:00:00-03:00,29.0,75.6,-0.3000000000000007,-0.20000000000000284,0,Stable Weather
2023-02-08 16:00:00-03:00,28.3,76.7,-0.6999999999999993,1.1000000000000085,0,Stable Weather
2023-02-08 17:00:00-03:00,27.5,78.5,-0.8000000000000007,1.7999999999999972,0,Stable Weather
2023-02-08 18:00:00-03:00,26.9,80.7,-0.6000000000000014,2.200000000000003,0,Stable Weather
2023-02-08 19:00:00-03:00,26.6,81.9,-0.29999999999999716,1.2000000000000028,0,Stable Weather
2023-02-08 20:00:00-03:00,26.0,85.5,-0.6000000000000014,3.5999999999999943,1,Humid Region
2023-02-08 22:00:00-03:00,23.6,96.8,-2.3999999999999986,11.299999999999997,1,Humid Region
2023-02-08 23:00:00-03:00,23.4,98.2,-0.20000000000000284,1.4000000000000057,1,Humid Region
2023-02-09 00:00:00-03:00,23.4,98.8,0.0,0.5999999999999943,1,Humid Region
2023-02-09 01:00:00-03:00,23.1,99.0,-0.29999999999999716,0.20000000000000284,1,Humid Region
2023-02-09 02:00:00-03:00,22.9,99.0,-0.20000000000000284,0.0,1,Humid Region
2023-02-09 03:00:00-03:00,22.7,99.0,-0.1999999999999993,0.0,1,Humid Region
2023-02-09 04:00:00-03:00,22.6,99.0,-0.09999999999999787,0.0,1,Humid Region
2023-02-09 07:00:00-03:00,27.0,89.7,4.399999999999999,-9.299999999999997,2,Rapid Change Zone
2023-02-09 08:00:00-03:00,28.4,85.8,1.3999999999999986,-3.9000000000000057,2,Rapid Change Zone
2023-02-09 09:00:00-03:00,29.7,81.4,1.3000000000000007,-4.3999999999999915,2,Rapid Change Zone
2023-02-09 10:00:00-03:00,28.0,88.0,-1.6999999999999993,6.599999999999994,1,Humid Region
2023-02-09 11:00:00-03:00,29.6,81.6,1.6000000000000014,-6.400000000000006,2,Rapid Change Zone
2023-02-09 12:00:00-03:00,28.5,85.1,-1.1000000000000014,3.5,0,Stable Weather
2023-02-09 13:00:00-03:00,24.7,98.6,-3.8000000000000007,13.5,1,Humid Region
2023-02-09 14:00:00-03:00,24.3,99.0,-0.3999999999999986,0.4000000000000057,1,Humid Region
2023-02-09 15:00:00-03:00,24.6,99.0,0.3000000000000007,0.0,1,Humid Region
2023-02-09 16:00:00-03:00,24.6,99.0,0.0,0.0,1,Humid Region
2023-02-09 17:00:00-03:00,24.3,99.0,-0.3000000000000007,0.0,1,Humid Region
2023-02-09 18:00:00-03:00,24.2,99.0,-0.10000000000000142,0.0,1,Humid Region
2023-02-09 19:00:00-03:00,24.0,99.0,-0.1999999999999993,0.0,1,Humid Region
2023-02-09 21:00:00-03:00,23.9,99.0,-0.10000000000000142,0.0,1,Humid Region
2023-02-10 00:00:00-03:00,23.8,99.0,-0.09999999999999787,0.0,1,Humid Region
2023-02-10 06:00:00-03:00,25.2,98.5,1.3999999999999986,-0.5,1,Humid Region
2023-02-10 07:00:00-03:00,28.5,83.7,3.3000000000000007,-14.799999999999997,2,Rapid Change Zone
2023-02-10 09:00:00-03:00,29.9,76.6,1.3999999999999986,-7.1000000000000085,2,Rapid Change Zone
2023-02-10 10:00:00-03:00,29.9,76.4,0.0,-0.19999999999998863,0,Stable Weather
2023-02-10 11:00:00-03:00,30.1,75.0,0.20000000000000284,-1.4000000000000057,0,Stable Weather
2023-02-10 12:00:00-03:00,30.4,72.8,0.29999999999999716,-2.200000000000003,0,Stable Weather
2023-02-10 13:00:00-03:00,30.3,72.8,-0.09999999999999787,0.0,0,Stable Weather
2023-02-10 14:00:00-03:00,30.1,72.7,-0.1999999999999993,-0.09999999999999432,0,Stable Weather
2023-02-10 15:00:00-03:00,30.2,73.0,0.09999999999999787,0.29999999999999716,0,Stable Weather
2023-02-10 16:00:00-03:00,29.5,74.9,-0.6999999999999993,1.9000000000000057,0,Stable Weather
2023-02-10 17:00:00-03:00,27.8,80.5,-1.6999999999999993,5.599999999999994,0,Stable Weather
2023-02-11 11:00:00-03:00,30.3,73.5,2.5,-7.0,2,Rapid Change Zone
2023-02-11 12:00:00-03:00,31.2,67.6,0.8999999999999986,-5.900000000000006,2,Rapid Change Zone
2023-02-11 14:00:00-03:00,30.8,69.4,-0.3999999999999986,1.8000000000000114,0,Stable Weather
2023-02-11 15:00:00-03:00,30.2,73.0,-0.6000000000000014,3.5999999999999943,0,Stable Weather
2023-02-11 18:00:00-03:00,27.0,80.2,-3.1999999999999993,7.200000000000003,0,Stable Weather
2023-02-11 21:00:00-03:00,26.2,87.6,-0.8000000000000007,7.3999999999999915,1,Humid Region
2023-02-11 22:00:00-03:00,24.9,92.4,-1.3000000000000007,4.800000000000011,1,Humid Region
2023-02-11 23:00:00-03:00,23.6,98.1,-1.2999999999999972,5.699999999999989,1,Humid Region
2023-02-12 08:00:00-03:00,30.0,77.6,6.399999999999999,-20.5,2,Rapid Change Zone
2023-02-12 09:00:00-03:00,30.2,74.8,0.1999999999999993,-2.799999999999997,0,Stable Weather
2023-02-12 11:00:00-03:00,31.2,70.4,1.0,-4.3999999999999915,2,Rapid Change Zone
2023-02-12 12:00:00-03:00,31.1,71.1,-0.09999999999999787,0.6999999999999886,0,Stable Weather
2023-02-12 14:00:00-03:00,31.2,72.5,0.09999999999999787,1.4000000000000057,0,Stable Weather
2023-02-13 09:00:00-03:00,30.8,73.7,-0.3999999999999986,1.2000000000000028,0,Stable Weather
2023-02-13 10:00:00-03:00,30.6,74.7,-0.1999999999999993,1.0,0,Stable Weather
2023-02-13 11:00:00-03:00,30.3,75.1,-0.3000000000000007,0.3999999999999915,0,Stable Weather
2023-02-13 12:00:00-03:00,30.7,72.6,0.3999999999999986,-2.5,0,Stable Weather
2023-02-13 13:00:00-03:00,30.0,74.3,-0.6999999999999993,1.7000000000000028,0,Stable Weather
2023-02-13 14:00:00-03:00,30.6,73.5,0.6000000000000014,-0.7999999999999972,0,Stable Weather
2023-02-13 15:00:00-03:00,30.3,73.8,-0.3000000000000007,0.29999999999999716,0,Stable Weather
2023-02-13 16:00:00-03:00,29.3,77.2,-1.0,3.4000000000000057,0,Stable Weather
2023-02-13 17:00:00-03:00,28.1,81.3,-1.1999999999999993,4.099999999999994,0,Stable Weather
2023-02-13 18:00:00-03:00,27.4,83.8,-0.7000000000000028,2.5,0,Stable Weather
2023-02-13 20:00:00-03:00,27.2,86.8,-0.1999999999999993,3.0,0,Stable Weather
2023-02-13 22:00:00-03:00,27.0,87.3,-0.1999999999999993,0.5,0,Stable Weather
2023-02-13 23:00:00-03:00,26.9,88.5,-0.10000000000000142,1.2000000000000028,1,Humid Region
2023-02-14 05:00:00-03:00,26.8,87.9,-0.09999999999999787,-0.5999999999999943,1,Humid Region
2023-02-14 06:00:00-03:00,27.4,86.4,0.5999999999999979,-1.5,0,Stable Weather
2023-02-14 07:00:00-03:00,28.8,81.2,1.4000000000000021,-5.200000000000003,2,Rapid Change Zone
2023-02-14 08:00:00-03:00,29.2,79.4,0.3999999999999986,-1.7999999999999972,0,Stable Weather
2023-02-14 09:00:00-03:00,30.2,75.5,1.0,-3.9000000000000057,2,Rapid Change Zone
2023-02-14 10:00:00-03:00,30.8,73.8,0.6000000000000014,-1.7000000000000028,0,Stable Weather
2023-02-14 11:00:00-03:00,30.7,74.7,-0.10000000000000142,0.9000000000000057,0,Stable Weather
2023-02-14 12:00:00-03:00,30.9,74.0,0.1999999999999993,-0.7000000000000028,0,Stable Weather
2023-02-14 13:00:00-03:00,30.9,74.5,0.0,0.5,0,Stable Weather
2023-02-14 14:00:00-03:00,30.9,74.7,0.0,0.20000000000000284,0,Stable Weather
2023-02-14 15:00:00-03:00,30.6,75.0,-0.29999999999999716,0.29999999999999716,0,Stable Weather
2023-02-14 16:00:00-03:00,29.4,79.2,-1.2000000000000028,4.200000000000003,0,Stable Weather
2023-02-14 17:00:00-03:00,28.4,82.7,-1.0,3.5,0,Stable Weather
2023-02-14 18:00:00-03:00,28.0,85.2,-0.3999999999999986,2.5,0,Stable Weather
2023-02-14 23:00:00-03:00,25.0,99.0,-3.0,13.799999999999997,1,Humid Region
2023-02-15 07:00:00-03:00,27.6,89.9,2.6000000000000014,-9.099999999999994,2,Rapid Change Zone
2023-02-15 08:00:00-03:00,29.8,81.4,2.1999999999999993,-8.5,2,Rapid Change Zone
2023-02-15 11:00:00-03:00,30.8,77.8,1.0,-3.6000000000000085,2,Rapid Change Zone
2023-02-15 12:00:00-03:00,30.8,76.7,0.0,-1.0999999999999943,0,Stable Weather
2023-02-15 13:00:00-03:00,30.1,78.0,-0.6999999999999993,1.2999999999999972,0,Stable Weather
2023-02-15 14:00:00-03:00,29.8,75.8,-0.3000000000000007,-2.200000000000003,0,Stable Weather
2023-02-15 15:00:00-03:00,29.0,81.8,-0.8000000000000007,6.0,0,Stable Weather
2023-02-15 17:00:00-03:00,28.2,86.9,-0.8000000000000007,5.1000000000000085,0,Stable Weather
2023-02-15 18:00:00-03:00,28.2,86.4,0.0,-0.5,0,Stable Weather
2023-02-15 20:00:00-03:00,28.1,85.9,-0.09999999999999787,-0.5,0,Stable Weather
2023-02-15 21:00:00-03:00,28.0,86.4,-0.10000000000000142,0.5,0,Stable Weather
2023-02-15 23:00:00-03:00,27.6,88.8,-0.3999999999999986,2.3999999999999915,0,Stable Weather
2023-02-16 02:00:00-03:00,26.3,94.9,-1.3000000000000007,6.1000000000000085,1,Humid Region
2023-02-16 05:00:00-03:00,25.3,98.8,-1.0,3.8999999999999915,1,Humid Region
2023-02-16 07:00:00-03:00,28.6,83.4,3.3000000000000007,-15.399999999999991,2,Rapid Change Zone
2023-02-16 10:00:00-03:00,30.9,74.1,2.299999999999997,-9.300000000000011,2,Rapid Change Zone
2023-02-16 11:00:00-03:00,31.2,72.9,0.3000000000000007,-1.1999999999999886,0,Stable Weather
2023-02-16 12:00:00-03:00,31.0,72.6,-0.1999999999999993,-0.30000000000001137,0,Stable Weather
2023-02-16 13:00:00-03:00,31.0,73.1,0.0,0.5,0,Stable Weather
2023-02-16 14:00:00-03:00,30.4,75.9,-0.6000000000000014,2.8000000000000114,0,Stable Weather
2023-02-16 15:00:00-03:00,29.6,78.8,-0.7999999999999972,2.8999999999999915,0,Stable Weather
2023-02-16 16:00:00-03:00,28.7,81.4,-0.9000000000000021,2.6000000000000085,0,Stable Weather
2023-02-16 17:00:00-03:00,28.2,81.9,-0.5,0.5,0,Stable Weather
2023-02-16 18:00:00-03:00,28.1,83.2,-0.09999999999999787,1.2999999999999972,0,Stable Weather
2023-02-16 19:00:00-03:00,27.9,84.0,-0.20000000000000284,0.7999999999999972,0,Stable Weather
2023-02-16 20:00:00-03:00,27.8,85.1,-0.09999999999999787,1.0999999999999943,0,Stable Weather
2023-02-16 21:00:00-03:00,27.8,85.8,0.0,0.7000000000000028,0,Stable Weather
2023-02-16 22:00:00-03:00,27.8,86.0,0.0,0.20000000000000284,0,Stable Weather
2023-02-16 23:00:00-03:00,27.6,86.3,-0.1999999999999993,0.29999999999999716,0,Stable Weather
2023-02-17 01:00:00-03:00,27.2,86.3,-0.40000000000000213,0.0,0,Stable Weather
2023-02-17 02:00:00-03:00,26.8,87.3,-0.3999999999999986,1.0,1,Humid Region
2023-02-17 03:00:00-03:00,26.1,91.1,-0.6999999999999993,3.799999999999997,1,Humid Region
2023-02-17 04:00:00-03:00,25.0,95.7,-1.1000000000000014,4.6000000000000085,1,Humid Region
2023-02-17 05:00:00-03:00,24.3,98.7,-0.6999999999999993,3.0,1,Humid Region
2023-02-17 06:00:00-03:00,24.7,99.0,0.3999999999999986,0.29999999999999716,1,Humid Region
2023-02-17 07:00:00-03:00,27.5,90.3,2.8000000000000007,-8.700000000000003,2,Rapid Change Zone
2023-02-17 08:00:00-03:00,29.0,81.8,1.5,-8.5,2,Rapid Change Zone
2023-02-17 09:00:00-03:00,30.0,77.0,1.0,-4.799999999999997,2,Rapid Change Zone
2023-02-17 10:00:00-03:00,30.0,75.7,0.0,-1.2999999999999972,0,Stable Weather
2023-02-17 11:00:00-03:00,30.4,75.1,0.3999999999999986,-0.6000000000000085,0,Stable Weather
2023-02-17 12:00:00-03:00,30.8,72.5,0.40000000000000213,-2.5999999999999943,0,Stable Weather
2023-02-17 13:00:00-03:00,30.8,73.5,0.0,1.0,0,Stable Weather
2023-02-17 14:00:00-03:00,30.4,72.4,-0.40000000000000213,-1.0999999999999943,0,Stable Weather
2023-02-17 15:00:00-03:00,30.3,71.6,-0.09999999999999787,-0.8000000000000114,0,Stable Weather
2023-02-17 16:00:00-03:00,29.3,73.8,-1.0,2.200000000000003,0,Stable Weather
2023-02-18 15:00:00-03:00,29.1,75.0,-0.1999999999999993,1.2000000000000028,0,Stable Weather
2023-02-24 10:00:00-03:00,31.0,72.4,1.8999999999999986,-2.5999999999999943,2,Rapid Change Zone
2023-02-24 11:00:00-03:00,31.3,72.8,0.3000000000000007,0.3999999999999915,0,Stable Weather
2023-02-27 09:00:00-03:00,30.5,75.8,-0.8000000000000007,3.0,0,Stable Weather
2023-02-27 10:00:00-03:00,30.5,75.3,0.0,-0.5,0,Stable Weather
2023-02-27 11:00:00-03:00,30.5,74.9,0.0,-0.3999999999999915,0,Stable Weather
2023-02-27 12:00:00-03:00,29.9,78.6,-0.6000000000000014,3.6999999999999886,0,Stable Weather
2023-02-27 13:00:00-03:00,30.6,73.2,0.7000000000000028,-5.3999999999999915,2,Rapid Change Zone
2023-02-27 14:00:00-03:00,30.8,71.1,0.1999999999999993,-2.1000000000000085,0,Stable Weather
2023-02-27 15:00:00-03:00,30.3,73.6,-0.5,2.5,0,Stable Weather
2023-02-27 16:00:00-03:00,29.4,77.6,-0.9000000000000021,4.0,0,Stable Weather
2023-02-27 17:00:00-03:00,28.3,80.8,-1.0999999999999979,3.200000000000003,0,Stable Weather
2023-02-27 18:00:00-03:00,27.7,82.5,-0.6000000000000014,1.7000000000000028,0,Stable Weather
2023-02-27 19:00:00-03:00,27.7,83.6,0.0,1.0999999999999943,0,Stable Weather
2023-02-27 20:00:00-03:00,27.7,83.9,0.0,0.30000000000001137,0,Stable Weather
2023-02-27 21:00:00-03:00,27.7,85.5,0.0,1.5999999999999943,0,Stable Weather
2023-02-27 22:00:00-03:00,27.6,85.3,-0.09999999999999787,-0.20000000000000284,0,Stable Weather
2023-02-27 23:00:00-03:00,27.3,86.3,-0.3000000000000007,1.0,0,Stable Weather
2023-02-28 00:00:00-03:00,27.1,84.7,-0.1999999999999993,-1.5999999999999943,0,Stable Weather
2023-02-28 01:00:00-03:00,26.9,84.6,-0.20000000000000284,-0.10000000000000853,0,Stable Weather
2023-02-28 02:00:00-03:00,26.6,85.1,-0.29999999999999716,0.5,0,Stable Weather
2023-02-28 03:00:00-03:00,26.6,85.2,0.0,0.10000000000000853,0,Stable Weather
2023-02-28 04:00:00-03:00,26.4,86.8,-0.20000000000000284,1.5999999999999943,1,Humid Region
2023-02-28 05:00:00-03:00,26.4,88.3,0.0,1.5,1,Humid Region
2023-02-28 06:00:00-03:00,28.4,81.1,2.0,-7.200000000000003,2,Rapid Change Zone
2023-02-28 07:00:00-03:00,29.5,76.6,1.1000000000000014,-4.5,2,Rapid Change Zone
2023-02-28 08:00:00-03:00,29.9,75.5,0.3999999999999986,-1.0999999999999943,0,Stable Weather
2023-02-28 09:00:00-03:00,28.7,85.1,-1.1999999999999993,9.599999999999994,0,Stable Weather
2023-02-28 10:00:00-03:00,30.0,76.9,1.3000000000000007,-8.199999999999989,2,Rapid Change Zone
2023-02-28 11:00:00-03:00,30.7,72.9,0.6999999999999993,-4.0,0,Stable Weather
2023-02-28 12:00:00-03:00,31.1,71.3,0.40000000000000213,-1.6000000000000085,0,Stable Weather
2023-02-28 13:00:00-03:00,30.7,72.0,-0.40000000000000213,0.7000000000000028,0,Stable Weather
2023-02-28 14:00:00-03:00,31.0,71.0,0.3000000000000007,-1.0,0,Stable Weather
2023-02-28 15:00:00-03:00,30.3,73.5,-0.6999999999999993,2.5,0,Stable Weather
2023-02-28 16:00:00-03:00,29.8,74.0,-0.5,0.5,0,Stable Weather
2023-02-28 17:00:00-03:00,28.4,79.2,-1.4000000000000021,5.200000000000003,0,Stable Weather
2023-02-28 18:00:00-03:00,28.1,80.9,-0.29999999999999716,1.7000000000000028,0,Stable Weather
2023-02-28 19:00:00-03:00,28.0,80.0,-0.10000000000000142,-0.9000000000000057,0,Stable Weather
2023-02-28 20:00:00-03:00,27.6,84.0,-0.3999999999999986,4.0,0,Stable Weather
2023-02-28 21:00:00-03:00,27.5,84.3,-0.10000000000000142,0.29999999999999716,0,Stable Weather
2023-02-28 22:00:00-03:00,27.2,84.6,-0.3000000000000007,0.29999999999999716,0,Stable Weather
2023-02-28 23:00:00-03:00,27.1,84.5,-0.09999999999999787,-0.09999999999999432,0,Stable Weather
2023-03-01 00:00:00-03:00,26.8,87.7,-0.3000000000000007,3.200000000000003,1,Humid Region
2023-03-01 01:00:00-03:00,25.9,92.2,-0.9000000000000021,4.5,1,Humid Region
2023-03-01 02:00:00-03:00,26.2,89.8,0.3000000000000007,-2.4000000000000057,1,Humid Region
2023-03-01 03:00:00-03:00,25.1,96.0,-1.0999999999999979,6.200000000000003,1,Humid Region
2023-03-01 04:00:00-03:00,25.8,93.2,0.6999999999999993,-2.799999999999997,1,Humid Region
2023-03-01 05:00:00-03:00,26.6,88.8,0.8000000000000007,-4.400000000000006,2,Rapid Change Zone
2023-03-01 06:00:00-03:00,28.0,84.4,1.3999999999999986,-4.3999999999999915,2,Rapid Change Zone
2023-03-01 07:00:00-03:00,29.0,79.8,1.0,-4.6000000000000085,2,Rapid Change Zone
2023-03-01 08:00:00-03:00,30.1,75.6,1.1000000000000014,-4.200000000000003,2,Rapid Change Zone
2023-03-01 09:00:00-03:00,30.2,74.0,0.09999999999999787,-1.5999999999999943,0,Stable Weather
2023-03-01 10:00:00-03:00,30.2,75.2,0.0,1.2000000000000028,0,Stable Weather
2023-03-01 11:00:00-03:00,30.5,74.7,0.3000000000000007,-0.5,0,Stable Weather
2023-03-01 12:00:00-03:00,30.4,75.0,-0.10000000000000142,0.29999999999999716,0,Stable Weather
2023-03-01 13:00:00-03:00,30.8,73.3,0.40000000000000213,-1.7000000000000028,0,Stable Weather
2023-03-01 14:00:00-03:00,30.6,75.2,-0.1999999999999993,1.9000000000000057,0,Stable Weather
2023-03-01 15:00:00-03:00,29.9,78.0,-0.7000000000000028,2.799999999999997,0,Stable Weather
2023-03-01 16:00:00-03:00,29.3,80.4,-0.5999999999999979,2.4000000000000057,0,Stable Weather
2023-03-01 17:00:00-03:00,27.2,89.2,-2.1000000000000014,8.799999999999997,1,Humid Region
2023-03-01 18:00:00-03:00,27.4,86.8,0.1999999999999993,-2.4000000000000057,0,Stable Weather
2023-03-01 19:00:00-03:00,27.6,85.8,0.20000000000000284,-1.0,0,Stable Weather
2023-03-01 20:00:00-03:00,27.5,87.1,-0.10000000000000142,1.2999999999999972,0,Stable Weather
2023-03-01 21:00:00-03:00,27.2,88.4,-0.3000000000000007,1.3000000000000114,1,Humid Region
2023-03-01 22:00:00-03:00,27.2,88.3,0.0,-0.10000000000000853,0,Stable Weather
2023-03-01 23:00:00-03:00,27.2,85.4,0.0,-2.8999999999999915,0,Stable Weather
2023-03-02 00:00:00-03:00,27.1,85.1,-0.09999999999999787,-0.30000000000001137,0,Stable Weather
2023-03-02 01:00:00-03:00,26.6,86.0,-0.5,0.9000000000000057,1,Humid Region
2023-03-02 03:00:00-03:00,26.4,86.5,-0.20000000000000284,0.5,1,Humid Region
2023-03-02 04:00:00-03:00,26.5,85.6,0.10000000000000142,-0.9000000000000057,0,Stable Weather
2023-03-02 05:00:00-03:00,26.6,85.0,0.10000000000000142,-0.5999999999999943,0,Stable Weather
2023-03-02 07:00:00-03:00,28.8,78.6,2.1999999999999993,-6.400000000000006,2,Rapid Change Zone
2023-03-02 13:00:00-03:00,30.6,73.5,1.8000000000000007,-5.099999999999994,2,Rapid Change Zone
2023-03-02 15:00:00-03:00,29.2,78.2,-1.4000000000000021,4.700000000000003,0,Stable Weather
2023-04-14 14:00:00-03:00,30.4,70.4,1.1999999999999993,-7.799999999999997,2,Rapid Change Zone
2023-04-14 16:00:00-03:00,28.9,78.5,-1.5,8.099999999999994,0,Stable Weather
2023-04-14 17:00:00-03:00,27.8,80.2,-1.0999999999999979,1.7000000000000028,0,Stable Weather
2023-04-14 18:00:00-03:00,27.6,83.0,-0.1999999999999993,2.799999999999997,0,Stable Weather
2023-04-14 19:00:00-03:00,27.6,82.5,0.0,-0.5,0,Stable Weather
2023-04-14 20:00:00-03:00,27.4,84.1,-0.20000000000000284,1.5999999999999943,0,Stable Weather
2023-04-14 21:00:00-03:00,27.1,85.4,-0.29999999999999716,1.3000000000000114,0,Stable Weather
2023-04-14 22:00:00-03:00,27.4,84.4,0.29999999999999716,-1.0,0,Stable Weather
2023-04-14 23:00:00-03:00,27.4,84.5,0.0,0.09999999999999432,0,Stable Weather
2023-04-15 00:00:00-03:00,27.2,85.6,-0.1999999999999993,1.0999999999999943,0,Stable Weather
2023-04-15 01:00:00-03:00,26.1,90.9,-1.0999999999999979,5.300000000000011,1,Humid Region
2023-04-15 02:00:00-03:00,24.7,98.6,-1.4000000000000021,7.699999999999989,1,Humid Region
2023-04-15 03:00:00-03:00,24.4,99.0,-0.3000000000000007,0.4000000000000057,1,Humid Region
2023-04-15 04:00:00-03:00,24.2,99.0,-0.1999999999999993,0.0,1,Humid Region
2023-04-15 05:00:00-03:00,24.4,99.0,0.1999999999999993,0.0,1,Humid Region
2023-04-15 06:00:00-03:00,25.4,99.0,1.0,0.0,1,Humid Region
2023-04-15 07:00:00-03:00,27.4,93.0,2.0,-6.0,2,Rapid Change Zone
2023-04-15 08:00:00-03:00,29.0,85.8,1.6000000000000014,-7.200000000000003,2,Rapid Change Zone
2023-04-15 09:00:00-03:00,31.4,74.2,2.3999999999999986,-11.599999999999994,2,Rapid Change Zone
2023-04-15 10:00:00-03:00,31.4,72.3,0.0,-1.9000000000000057,0,Stable Weather
2023-04-15 11:00:00-03:00,30.7,74.5,-0.6999999999999993,2.200000000000003,0,Stable Weather
2023-04-15 12:00:00-03:00,30.6,73.3,-0.09999999999999787,-1.2000000000000028,0,Stable Weather
2023-04-15 13:00:00-03:00,29.6,78.7,-1.0,5.400000000000006,0,Stable Weather
2023-04-15 14:00:00-03:00,30.7,75.5,1.0999999999999979,-3.200000000000003,2,Rapid Change Zone
2023-04-15 15:00:00-03:00,30.1,76.8,-0.5999999999999979,1.2999999999999972,0,Stable Weather
2023-04-15 16:00:00-03:00,29.0,80.0,-1.1000000000000014,3.200000000000003,0,Stable Weather
2023-04-15 17:00:00-03:00,27.8,84.4,-1.1999999999999993,4.400000000000006,0,Stable Weather
2023-04-15 18:00:00-03:00,27.5,85.9,-0.3000000000000007,1.5,0,Stable Weather
2023-04-15 19:00:00-03:00,27.3,86.9,-0.1999999999999993,1.0,0,Stable Weather
2023-04-15 20:00:00-03:00,26.7,91.1,-0.6000000000000014,4.199999999999989,1,Humid Region
2023-04-15 21:00:00-03:00,26.8,90.8,0.10000000000000142,-0.29999999999999716,1,Humid Region
2023-04-15 22:00:00-03:00,25.2,97.6,-1.6000000000000014,6.799999999999997,1,Humid Region
2023-04-15 23:00:00-03:00,24.7,99.0,-0.5,1.4000000000000057,1,Humid Region
2023-04-16 00:00:00-03:00,24.5,99.0,-0.1999999999999993,0.0,1,Humid Region
2023-04-16 01:00:00-03:00,24.3,99.0,-0.1999999999999993,0.0,1,Humid Region
2023-04-16 02:00:00-03:00,24.2,99.0,-0.10000000000000142,0.0,1,Humid Region
2023-04-16 03:00:00-03:00,24.2,99.0,0.0,0.0,1,Humid Region
2023-04-16 04:00:00-03:00,24.0,99.0,-0.1999999999999993,0.0,1,Humid Region
2023-04-16 05:00:00-03:00,24.5,99.0,0.5,0.0,1,Humid Region
2023-04-16 06:00:00-03:00,25.2,98.7,0.6999999999999993,-0.29999999999999716,1,Humid Region
2023-04-16 07:00:00-03:00,27.4,90.6,2.1999999999999993,-8.100000000000009,2,Rapid Change Zone
2023-04-16 08:00:00-03:00,29.0,83.4,1.6000000000000014,-7.199999999999989,2,Rapid Change Zone
2023-04-16 09:00:00-03:00,30.1,80.5,1.1000000000000014,-2.9000000000000057,2,Rapid Change Zone
2023-04-16 10:00:00-03:00,29.8,81.0,-0.3000000000000007,0.5,0,Stable Weather
2023-04-16 11:00:00-03:00,29.7,81.5,-0.10000000000000142,0.5,0,Stable Weather
2023-04-16 12:00:00-03:00,28.7,84.1,-1.0,2.5999999999999943,0,Stable Weather
2023-04-16 13:00:00-03:00,29.1,82.3,0.40000000000000213,-1.7999999999999972,0,Stable Weather
2023-04-16 14:00:00-03:00,28.9,83.6,-0.20000000000000284,1.2999999999999972,0,Stable Weather
2023-04-16 15:00:00-03:00,28.0,87.1,-0.8999999999999986,3.5,0,Stable Weather
2023-04-16 16:00:00-03:00,26.9,93.9,-1.1000000000000014,6.800000000000011,1,Humid Region
2023-04-16 17:00:00-03:00,26.5,93.7,-0.3999999999999986,-0.20000000000000284,1,Humid Region
2023-04-16 18:00:00-03:00,26.5,94.9,0.0,1.2000000000000028,1,Humid Region
2023-04-16 19:00:00-03:00,26.0,94.7,-0.5,-0.20000000000000284,1,Humid Region
2023-04-16 20:00:00-03:00,25.1,98.5,-0.8999999999999986,3.799999999999997,1,Humid Region
2023-04-16 21:00:00-03:00,24.2,98.6,-0.9000000000000021,0.09999999999999432,1,Humid Region
2023-04-16 22:00:00-03:00,24.2,99.0,0.0,0.4000000000000057,1,Humid Region
2023-04-16 23:00:00-03:00,24.4,99.0,0.1999999999999993,0.0,1,Humid Region
2023-04-17 00:00:00-03:00,24.2,99.0,-0.1999999999999993,0.0,1,Humid Region
2023-04-17 01:00:00-03:00,24.0,99.0,-0.1999999999999993,0.0,1,Humid Region
2023-04-17 02:00:00-03:00,23.9,99.0,-0.10000000000000142,0.0,1,Humid Region
2023-04-17 03:00:00-03:00,23.8,99.0,-0.09999999999999787,0.0,1,Humid Region
2023-04-17 04:00:00-03:00,23.6,99.0,-0.1999999999999993,0.0,1,Humid Region
2023-04-17 05:00:00-03:00,23.6,99.0,0.0,0.0,1,Humid Region
2023-04-17 06:00:00-03:00,24.8,98.0,1.1999999999999993,-1.0,1,Humid Region
2023-04-17 07:00:00-03:00,27.4,88.4,2.599999999999998,-9.599999999999994,2,Rapid Change Zone
2023-04-17 08:00:00-03:00,29.4,81.5,2.0,-6.900000000000006,2,Rapid Change Zone
2023-04-17 09:00:00-03:00,30.9,74.6,1.5,-6.900000000000006,2,Rapid Change Zone
2023-04-17 10:00:00-03:00,31.8,67.6,0.9000000000000021,-7.0,2,Rapid Change Zone
2023-04-17 11:00:00-03:00,32.1,65.2,0.3000000000000007,-2.3999999999999915,0,Stable Weather
2023-04-17 12:00:00-03:00,32.0,65.7,-0.10000000000000142,0.5,0,Stable Weather
2023-04-17 13:00:00-03:00,32.1,65.7,0.10000000000000142,0.0,0,Stable Weather
2023-04-17 14:00:00-03:00,31.6,69.2,-0.5,3.5,0,Stable Weather
2023-04-17 15:00:00-03:00,31.0,71.4,-0.6000000000000014,2.200000000000003,0,Stable Weather
2023-04-17 16:00:00-03:00,29.0,78.8,-2.0,7.3999999999999915,0,Stable Weather
2023-04-17 17:00:00-03:00,28.1,81.0,-0.8999999999999986,2.200000000000003,0,Stable Weather
2023-04-17 18:00:00-03:00,27.2,87.8,-0.9000000000000021,6.799999999999997,1,Humid Region
2023-04-17 19:00:00-03:00,27.1,90.0,-0.09999999999999787,2.200000000000003,1,Humid Region
2023-04-17 20:00:00-03:00,27.1,88.7,0.0,-1.2999999999999972,0,Stable Weather
2023-04-17 21:00:00-03:00,25.4,96.3,-1.7000000000000028,7.599999999999994,1,Humid Region
2023-04-17 22:00:00-03:00,24.8,98.5,-0.5999999999999979,2.200000000000003,1,Humid Region
2023-04-17 23:00:00-03:00,24.4,99.0,-0.40000000000000213,0.5,1,Humid Region
2023-04-18 00:00:00-03:00,24.5,99.0,0.10000000000000142,0.0,1,Humid Region
2023-04-18 01:00:00-03:00,24.5,99.0,0.0,0.0,1,Humid Region
2023-04-18 02:00:00-03:00,24.4,99.0,-0.10000000000000142,0.0,1,Humid Region
2023-04-18 03:00:00-03:00,24.2,99.0,-0.1999999999999993,0.0,1,Humid Region
2023-04-18 04:00:00-03:00,23.9,99.0,-0.3000000000000007,0.0,1,Humid Region
2023-04-18 05:00:00-03:00,23.8,99.0,-0.09999999999999787,0.0,1,Humid Region
2023-04-18 06:00:00-03:00,26.3,94.2,2.5,-4.799999999999997,2,Rapid Change Zone
2023-04-18 07:00:00-03:00,29.9,82.2,3.599999999999998,-12.0,2,Rapid Change Zone
2023-04-18 08:00:00-03:00,30.4,79.7,0.5,-2.5,0,Stable Weather
2023-04-18 09:00:00-03:00,30.7,76.3,0.3000000000000007,-3.4000000000000057,0,Stable Weather
2023-04-18 10:00:00-03:00,30.9,76.3,0.1999999999999993,0.0,0,Stable Weather
2023-04-18 11:00:00-03:00,30.8,78.1,-0.09999999999999787,1.7999999999999972,0,Stable Weather
2023-04-18 12:00:00-03:00,31.5,74.5,0.6999999999999993,-3.5999999999999943,0,Stable Weather
2023-04-18 13:00:00-03:00,31.5,74.0,0.0,-0.5,0,Stable Weather
2023-04-18 14:00:00-03:00,31.1,73.9,-0.3999999999999986,-0.09999999999999432,0,Stable Weather
2023-04-18 15:00:00-03:00,30.5,77.6,-0.6000000000000014,3.6999999999999886,0,Stable Weather
2023-04-18 16:00:00-03:00,29.2,82.3,-1.3000000000000007,4.700000000000003,0,Stable Weather
2023-04-18 17:00:00-03:00,28.4,85.0,-0.8000000000000007,2.700000000000003,0,Stable Weather
2023-04-18 18:00:00-03:00,28.1,86.1,-0.29999999999999716,1.0999999999999943,0,Stable Weather
2023-04-18 19:00:00-03:00,27.4,90.3,-0.7000000000000028,4.200000000000003,1,Humid Region
2023-04-18 20:00:00-03:00,26.3,95.1,-1.0999999999999979,4.799999999999997,1,Humid Region
2023-04-18 21:00:00-03:00,25.5,98.3,-0.8000000000000007,3.200000000000003,1,Humid Region
2023-04-18 22:00:00-03:00,25.2,99.0,-0.3000000000000007,0.7000000000000028,1,Humid Region
2023-04-18 23:00:00-03:00,24.9,99.0,-0.3000000000000007,0.0,1,Humid Region
2023-04-19 00:00:00-03:00,24.7,99.0,-0.1999999999999993,0.0,1,Humid Region
2023-04-19 01:00:00-03:00,24.4,99.0,-0.3000000000000007,0.0,1,Humid Region
2023-04-19 02:00:00-03:00,24.3,99.0,-0.09999999999999787,0.0,1,Humid Region
2023-04-19 03:00:00-03:00,24.5,99.0,0.1999999999999993,0.0,1,Humid Region
2023-04-19 04:00:00-03:00,24.2,99.0,-0.3000000000000007,0.0,1,Humid Region
2023-04-19 05:00:00-03:00,24.1,99.0,-0.09999999999999787,0.0,1,Humid Region
2023-04-19 06:00:00-03:00,26.8,93.3,2.6999999999999993,-5.700000000000003,2,Rapid Change Zone
2023-04-19 07:00:00-03:00,29.9,83.3,3.099999999999998,-10.0,2,Rapid Change Zone
2023-04-19 08:00:00-03:00,31.1,75.9,1.2000000000000028,-7.3999999999999915,2,Rapid Change Zone
2023-04-19 09:00:00-03:00,31.2,75.2,0.09999999999999787,-0.7000000000000028,0,Stable Weather
2023-04-19 10:00:00-03:00,32.0,71.4,0.8000000000000007,-3.799999999999997,0,Stable Weather
2023-04-19 11:00:00-03:00,32.5,69.3,0.5,-2.1000000000000085,0,Stable Weather
2023-04-19 12:00:00-03:00,32.6,70.4,0.10000000000000142,1.1000000000000085,0,Stable Weather
2023-04-19 13:00:00-03:00,32.7,71.4,0.10000000000000142,1.0,0,Stable Weather
2023-04-19 14:00:00-03:00,32.4,72.6,-0.30000000000000426,1.1999999999999886,0,Stable Weather
2023-04-19 15:00:00-03:00,31.6,73.8,-0.7999999999999972,1.2000000000000028,0,Stable Weather
2023-04-19 16:00:00-03:00,29.7,79.7,-1.9000000000000021,5.900000000000006,0,Stable Weather
2023-04-19 17:00:00-03:00,28.6,84.7,-1.0999999999999979,5.0,0,Stable Weather
2023-04-19 18:00:00-03:00,28.3,86.9,-0.3000000000000007,2.200000000000003,0,Stable Weather
2023-04-19 19:00:00-03:00,28.1,87.3,-0.1999999999999993,0.3999999999999915,0,Stable Weather
2023-04-19 20:00:00-03:00,28.0,88.6,-0.10000000000000142,1.2999999999999972,0,Stable Weather
2023-04-19 21:00:00-03:00,27.3,91.4,-0.6999999999999993,2.8000000000000114,1,Humid Region
2023-04-19 22:00:00-03:00,26.2,96.6,-1.1000000000000014,5.199999999999989,1,Humid Region
2023-04-19 23:00:00-03:00,25.8,98.2,-0.3999999999999986,1.6000000000000085,1,Humid Region
2023-04-20 00:00:00-03:00,25.6,99.0,-0.1999999999999993,0.7999999999999972,1,Humid Region
2023-04-20 01:00:00-03:00,25.4,99.0,-0.20000000000000284,0.0,1,Humid Region
2023-04-20 02:00:00-03:00,24.9,99.0,-0.5,0.0,1,Humid Region
2023-04-20 03:00:00-03:00,24.6,99.0,-0.29999999999999716,0.0,1,Humid Region
2023-04-20 04:00:00-03:00,24.2,99.0,-0.40000000000000213,0.0,1,Humid Region
2023-04-20 05:00:00-03:00,24.2,99.0,0.0,0.0,1,Humid Region
2023-04-20 06:00:00-03:00,26.2,95.2,2.0,-3.799999999999997,2,Rapid Change Zone
2023-04-20 07:00:00-03:00,30.2,82.7,4.0,-12.5,2,Rapid Change Zone
2023-04-20 08:00:00-03:00,30.7,78.2,0.5,-4.5,0,Stable Weather
2023-04-20 09:00:00-03:00,30.5,76.3,-0.1999999999999993,-1.9000000000000057,0,Stable Weather
2023-04-20 10:00:00-03:00,31.3,73.6,0.8000000000000007,-2.700000000000003,0,Stable Weather
2023-04-20 11:00:00-03:00,31.0,74.9,-0.3000000000000007,1.3000000000000114,0,Stable Weather
2023-04-20 12:00:00-03:00,31.2,74.8,0.1999999999999993,-0.10000000000000853,0,Stable Weather
2023-04-20 13:00:00-03:00,31.2,75.1,0.0,0.29999999999999716,0,Stable Weather
2023-04-20 14:00:00-03:00,30.6,75.9,-0.5999999999999979,0.8000000000000114,0,Stable Weather
2023-04-20 15:00:00-03:00,30.0,77.7,-0.6000000000000014,1.7999999999999972,0,Stable Weather
2023-04-20 16:00:00-03:00,28.9,79.2,-1.1000000000000014,1.5,0,Stable Weather
2023-04-20 17:00:00-03:00,28.2,82.4,-0.6999999999999993,3.200000000000003,0,Stable Weather
2023-04-20 18:00:00-03:00,27.8,84.6,-0.3999999999999986,2.1999999999999886,0,Stable Weather
2023-04-20 19:00:00-03:00,27.5,85.5,-0.3000000000000007,0.9000000000000057,0,Stable Weather
2023-04-20 20:00:00-03:00,27.1,87.5,-0.3999999999999986,2.0,1,Humid Region
2023-04-20 21:00:00-03:00,26.4,90.2,-0.7000000000000028,2.700000000000003,1,Humid Region
2023-04-20 22:00:00-03:00,24.4,98.0,-2.0,7.799999999999997,1,Humid Region
2023-04-20 23:00:00-03:00,24.2,99.0,-0.1999999999999993,1.0,1,Humid Region
2023-04-21 00:00:00-03:00,24.1,99.0,-0.09999999999999787,0.0,1,Humid Region
2023-04-21 01:00:00-03:00,24.3,99.0,0.1999999999999993,0.0,1,Humid Region
2023-04-21 02:00:00-03:00,24.1,99.0,-0.1999999999999993,0.0,1,Humid Region
2023-04-21 03:00:00-03:00,23.7,99.0,-0.40000000000000213,0.0,1,Humid Region
2023-04-21 04:00:00-03:00,23.3,99.0,-0.3999999999999986,0.0,1,Humid Region
2023-04-21 05:00:00-03:00,23.1,99.0,-0.1999999999999993,0.0,1,Humid Region
2023-04-21 06:00:00-03:00,24.3,99.0,1.1999999999999993,0.0,1,Humid Region
2023-04-21 07:00:00-03:00,28.3,88.6,4.0,-10.400000000000006,2,Rapid Change Zone
2023-04-21 08:00:00-03:00,29.7,81.6,1.3999999999999986,-7.0,2,Rapid Change Zone
2023-04-21 09:00:00-03:00,30.7,74.2,1.0,-7.3999999999999915,2,Rapid Change Zone
2023-04-21 10:00:00-03:00,30.8,73.8,0.10000000000000142,-0.4000000000000057,0,Stable Weather
2023-04-21 11:00:00-03:00,31.1,72.7,0.3000000000000007,-1.0999999999999943,0,Stable Weather
2023-04-21 12:00:00-03:00,30.6,74.1,-0.5,1.3999999999999915,0,Stable Weather
2023-04-21 13:00:00-03:00,29.9,77.0,-0.7000000000000028,2.9000000000000057,0,Stable Weather
2023-04-21 14:00:00-03:00,30.4,72.4,0.5,-4.599999999999994,0,Stable Weather
2023-04-21 15:00:00-03:00,29.8,76.3,-0.5999999999999979,3.8999999999999915,0,Stable Weather
2023-04-21 16:00:00-03:00,28.6,80.4,-1.1999999999999993,4.1000000000000085,0,Stable Weather
2023-04-21 17:00:00-03:00,27.8,84.3,-0.8000000000000007,3.8999999999999915,0,Stable Weather
2023-04-21 18:00:00-03:00,27.2,86.6,-0.6000000000000014,2.299999999999997,0,Stable Weather
2023-04-21 19:00:00-03:00,27.1,86.3,-0.09999999999999787,-0.29999999999999716,0,Stable Weather
2023-04-21 20:00:00-03:00,27.3,83.9,0.1999999999999993,-2.3999999999999915,0,Stable Weather
2023-04-21 21:00:00-03:00,27.0,84.2,-0.3000000000000007,0.29999999999999716,0,Stable Weather
2023-04-21 22:00:00-03:00,27.0,83.9,0.0,-0.29999999999999716,0,Stable Weather
2023-04-21 23:00:00-03:00,27.0,85.4,0.0,1.5,0,Stable Weather
2023-04-22 00:00:00-03:00,27.1,83.8,0.10000000000000142,-1.6000000000000085,0,Stable Weather
2023-04-22 01:00:00-03:00,26.8,84.2,-0.3000000000000007,0.4000000000000057,0,Stable Weather
2023-04-22 02:00:00-03:00,26.8,85.0,0.0,0.7999999999999972,0,Stable Weather
2023-04-22 03:00:00-03:00,26.7,84.5,-0.10000000000000142,-0.5,0,Stable Weather
2023-04-22 04:00:00-03:00,26.4,84.2,-0.3000000000000007,-0.29999999999999716,0,Stable Weather
2023-04-22 05:00:00-03:00,26.6,80.9,0.20000000000000284,-3.299999999999997,0,Stable Weather
2023-04-22 06:00:00-03:00,27.7,76.1,1.0999999999999979,-4.800000000000011,2,Rapid Change Zone
2023-04-22 07:00:00-03:00,28.6,76.2,0.9000000000000021,0.10000000000000853,0,Stable Weather
2023-04-22 08:00:00-03:00,28.2,81.3,-0.40000000000000213,5.099999999999994,0,Stable Weather
2023-04-22 09:00:00-03:00,29.9,73.3,1.6999999999999993,-8.0,2,Rapid Change Zone
2023-04-22 10:00:00-03:00,30.2,71.4,0.3000000000000007,-1.8999999999999915,0,Stable Weather
2023-04-22 11:00:00-03:00,30.5,71.2,0.3000000000000007,-0.20000000000000284,0,Stable Weather
2023-04-22 12:00:00-03:00,30.6,71.3,0.10000000000000142,0.09999999999999432,0,Stable Weather
2023-04-22 13:00:00-03:00,30.9,71.2,0.29999999999999716,-0.09999999999999432,0,Stable Weather
2023-04-22 14:00:00-03:00,30.0,75.8,-0.8999999999999986,4.599999999999994,0,Stable Weather
2023-04-22 15:00:00-03:00,29.0,79.9,-1.0,4.1000000000000085,0,Stable Weather
2023-04-22 16:00:00-03:00,28.3,81.6,-0.6999999999999993,1.6999999999999886,0,Stable Weather
2023-04-22 17:00:00-03:00,27.2,87.8,-1.1000000000000014,6.200000000000003,1,Humid Region
2023-04-22 18:00:00-03:00,26.8,90.5,-0.3999999999999986,2.700000000000003,1,Humid Region
2023-04-22 19:00:00-03:00,25.9,95.8,-0.9000000000000021,5.299999999999997,1,Humid Region
2023-04-22 20:00:00-03:00,26.3,93.6,0.40000000000000213,-2.200000000000003,1,Humid Region
2023-04-22 21:00:00-03:00,27.4,86.2,1.0999999999999979,-7.3999999999999915,2,Rapid Change Zone
2023-04-22 22:00:00-03:00,27.5,84.8,0.10000000000000142,-1.4000000000000057,0,Stable Weather
2023-04-22 23:00:00-03:00,27.4,83.6,-0.10000000000000142,-1.2000000000000028,0,Stable Weather
2023-04-23 00:00:00-03:00,27.3,82.3,-0.09999999999999787,-1.2999999999999972,0,Stable Weather
2023-04-23 01:00:00-03:00,26.9,83.0,-0.40000000000000213,0.7000000000000028,0,Stable Weather
2023-04-23 02:00:00-03:00,26.3,85.7,-0.5999999999999979,2.700000000000003,1,Humid Region
2023-04-23 03:00:00-03:00,25.9,88.4,-0.40000000000000213,2.700000000000003,1,Humid Region
2023-04-23 04:00:00-03:00,24.2,96.4,-1.6999999999999993,8.0,1,Humid Region
2023-04-23 05:00:00-03:00,23.8,98.6,-0.3999999999999986,2.1999999999999886,1,Humid Region
2023-04-23 06:00:00-03:00,25.4,93.4,1.5999999999999979,-5.199999999999989,2,Rapid Change Zone
2023-04-23 07:00:00-03:00,27.5,86.1,2.1000000000000014,-7.300000000000011,2,Rapid Change Zone
2023-04-23 08:00:00-03:00,28.2,84.9,0.6999999999999993,-1.1999999999999886,0,Stable Weather
2023-04-23 09:00:00-03:00,29.8,79.2,1.6000000000000014,-5.700000000000003,2,Rapid Change Zone
2023-04-23 10:00:00-03:00,30.1,76.7,0.3000000000000007,-2.5,0,Stable Weather
2023-04-23 11:00:00-03:00,30.6,74.6,0.5,-2.1000000000000085,0,Stable Weather
2023-04-23 12:00:00-03:00,30.4,74.4,-0.20000000000000284,-0.19999999999998863,0,Stable Weather
2023-04-23 13:00:00-03:00,30.3,73.9,-0.09999999999999787,-0.5,0,Stable Weather
2023-04-23 14:00:00-03:00,30.3,74.8,0.0,0.8999999999999915,0,Stable Weather
2023-04-23 15:00:00-03:00,29.8,76.7,-0.5,1.9000000000000057,0,Stable Weather
2023-04-23 16:00:00-03:00,28.8,78.0,-1.0,1.2999999999999972,0,Stable Weather
2023-04-23 17:00:00-03:00,27.4,83.2,-1.4000000000000021,5.200000000000003,0,Stable Weather
2023-04-23 18:00:00-03:00,25.8,89.8,-1.5999999999999979,6.599999999999994,1,Humid Region
2023-04-23 19:00:00-03:00,25.8,91.8,0.0,2.0,1,Humid Region
2023-04-23 20:00:00-03:00,25.9,92.5,0.09999999999999787,0.7000000000000028,1,Humid Region
2023-04-23 21:00:00-03:00,25.1,95.9,-0.7999999999999972,3.4000000000000057,1,Humid Region
2023-04-23 22:00:00-03:00,25.0,97.0,-0.10000000000000142,1.0999999999999943,1,Humid Region
2023-04-23 23:00:00-03:00,24.5,99.0,-0.5,2.0,1,Humid Region
2023-04-24 00:00:00-03:00,24.2,99.0,-0.3000000000000007,0.0,1,Humid Region
2023-04-24 01:00:00-03:00,24.0,99.0,-0.1999999999999993,0.0,1,Humid Region
2023-04-24 02:00:00-03:00,23.6,99.0,-0.3999999999999986,0.0,1,Humid Region
2023-04-24 03:00:00-03:00,23.6,99.0,0.0,0.0,1,Humid Region
2023-04-24 04:00:00-03:00,23.7,99.0,0.09999999999999787,0.0,1,Humid Region
2023-04-24 05:00:00-03:00,23.8,99.0,0.10000000000000142,0.0,1,Humid Region
2023-04-24 06:00:00-03:00,24.5,99.0,0.6999999999999993,0.0,1,Humid Region
2023-04-24 07:00:00-03:00,26.5,93.1,2.0,-5.900000000000006,2,Rapid Change Zone
2023-04-24 08:00:00-03:00,27.0,89.9,0.5,-3.1999999999999886,1,Humid Region
2023-04-24 09:00:00-03:00,27.3,90.6,0.3000000000000007,0.6999999999999886,1,Humid Region
2023-04-24 10:00:00-03:00,27.7,89.9,0.3999999999999986,-0.6999999999999886,0,Stable Weather
2023-04-24 11:00:00-03:00,29.1,83.6,1.4000000000000021,-6.300000000000011,2,Rapid Change Zone
2023-04-24 12:00:00-03:00,29.8,80.7,0.6999999999999993,-2.8999999999999915,0,Stable Weather
2023-04-24 13:00:00-03:00,29.7,79.6,-0.10000000000000142,-1.1000000000000085,0,Stable Weather
2023-04-24 14:00:00-03:00,30.1,77.0,0.40000000000000213,-2.5999999999999943,0,Stable Weather
2023-04-24 15:00:00-03:00,29.5,79.7,-0.6000000000000014,2.700000000000003,0,Stable Weather
2023-04-24 16:00:00-03:00,27.8,84.5,-1.6999999999999993,4.799999999999997,0,Stable Weather
2023-04-24 17:00:00-03:00,27.1,89.0,-0.6999999999999993,4.5,1,Humid Region
2023-04-24 18:00:00-03:00,26.8,90.2,-0.3000000000000007,1.2000000000000028,1,Humid Region
2023-04-24 19:00:00-03:00,26.2,93.2,-0.6000000000000014,3.0,1,Humid Region
2023-04-24 20:00:00-03:00,25.8,94.6,-0.3999999999999986,1.3999999999999915,1,Humid Region
2023-04-24 21:00:00-03:00,25.1,96.4,-0.6999999999999993,1.8000000000000114,1,Humid Region
2023-04-24 22:00:00-03:00,24.7,97.2,-0.40000000000000213,0.7999999999999972,1,Humid Region
2023-04-24 23:00:00-03:00,24.4,97.6,-0.3000000000000007,0.3999999999999915,1,Humid Region
2023-04-25 00:00:00-03:00,24.0,98.3,-0.3999999999999986,0.7000000000000028,1,Humid Region
2023-04-25 01:00:00-03:00,23.8,99.0,-0.1999999999999993,0.7000000000000028,1,Humid Region
2023-04-25 02:00:00-03:00,23.7,99.0,-0.10000000000000142,0.0,1,Humid Region
2023-04-25 03:00:00-03:00,23.9,99.0,0.1999999999999993,0.0,1,Humid Region
2023-04-25 04:00:00-03:00,23.8,99.0,-0.09999999999999787,0.0,1,Humid Region
2023-04-25 05:00:00-03:00,23.8,99.0,0.0,0.0,1,Humid Region
2023-04-25 06:00:00-03:00,24.7,98.2,0.8999999999999986,-0.7999999999999972,1,Humid Region
2023-04-25 07:00:00-03:00,27.0,91.2,2.3000000000000007,-7.0,2,Rapid Change Zone
2023-04-25 08:00:00-03:00,28.7,85.1,1.6999999999999993,-6.1000000000000085,2,Rapid Change Zone
2023-04-25 09:00:00-03:00,29.9,81.2,1.1999999999999993,-3.8999999999999915,2,Rapid Change Zone
2023-04-25 10:00:00-03:00,30.2,79.9,0.3000000000000007,-1.2999999999999972,0,Stable Weather
2023-04-25 11:00:00-03:00,31.0,75.7,0.8000000000000007,-4.200000000000003,0,Stable Weather
2023-04-25 12:00:00-03:00,31.2,74.6,0.1999999999999993,-1.1000000000000085,0,Stable Weather
2023-04-25 13:00:00-03:00,30.3,74.0,-0.8999999999999986,-0.5999999999999943,0,Stable Weather
2023-04-25 14:00:00-03:00,30.8,74.6,0.5,0.5999999999999943,0,Stable Weather
2023-04-25 15:00:00-03:00,29.5,77.9,-1.3000000000000007,3.3000000000000114,0,Stable Weather
2023-04-25 16:00:00-03:00,28.7,83.0,-0.8000000000000007,5.099999999999994,0,Stable Weather
2023-04-25 17:00:00-03:00,26.8,92.5,-1.8999999999999986,9.5,1,Humid Region
2023-04-25 18:00:00-03:00,26.1,97.5,-0.6999999999999993,5.0,1,Humid Region
2023-04-25 19:00:00-03:00,25.8,98.5,-0.3000000000000007,1.0,1,Humid Region
2023-04-25 20:00:00-03:00,25.8,97.9,0.0,-0.5999999999999943,1,Humid Region
2023-04-25 21:00:00-03:00,25.9,96.4,0.09999999999999787,-1.5,1,Humid Region
2023-04-25 22:00:00-03:00,25.3,98.1,-0.5999999999999979,1.6999999999999886,1,Humid Region
2023-04-25 23:00:00-03:00,24.7,99.0,-0.6000000000000014,0.9000000000000057,1,Humid Region
2023-04-26 00:00:00-03:00,24.4,99.0,-0.3000000000000007,0.0,1,Humid Region
2023-04-26 01:00:00-03:00,24.1,99.0,-0.29999999999999716,0.0,1,Humid Region
2023-04-26 02:00:00-03:00,23.5,99.0,-0.6000000000000014,0.0,1,Humid Region
2023-04-26 03:00:00-03:00,23.7,99.0,0.1999999999999993,0.0,1,Humid Region
2023-04-26 04:00:00-03:00,23.9,99.0,0.1999999999999993,0.0,1,Humid Region
